disasterNumber,totalAmountIhpApproved,totalObligatedAmountPa,totalObligatedAmountHmgp
3601,,,
3602,,,
1802,,18812748.86,2710679.0
1292,,298105794.06,67665966.0
1255,,4507774.54,844215.0
3163,,5380816.01,
3187,,1597088.45,
4015,,5553128.41,1762074.09
1752,,3020576.08,1247.0
2248,,18718.34,
2177,,964468.0,
5463,,247922.91,530971.87
1349,,2838615.94,538400.0
1384,,6425209.53,1051510.0
1615,,8128420.53,0.0
4645,,35372030.64,807500.19
4045,,5135398.21,720204.0
5492,,,43908.05
2108,,8815.1,
4212,,8736490.43,269876.97
1267,,,2167204.0
4056,,30413928.56,5794419.14
5384,,,885821.04
1270,,,319783.0
5614,,,0.0
2956,,586405.18,0.0
1836,,6100444.28,666076.0
4185,,3837595.3,213400.0
5284,,264039.14,348002.3
1781,,1655156.5,192093.0
1274,,1525086.7,778869.0
5456,,,4792739.84
3340,,495306.49,
5380,,13195694.92,3908293.99
2363,,5060820.9,
2115,,6199578.0,
1290,,,200782.0
3626,,,
4415,,6453697.9,1109704.19
1291,,,381636.0
1945,,2138551.99,14946.0
5470,,,0.0
4274,,4693118.02,680649.32
1986,,5934923.13,487940.0
1743,,2629570.0,339127.0
1298,,,195648.0
2951,,419338.96,0.0
4156,,2670513.58,370314.0
2673,,440667.37,0.0
4067,,4046793.01,475368.08
1304,,,10446.0
2681,,1153198.47,0.0
2162,,19501.3,
3249,,1236260.12,
2484,,428141.66,0.0
5460,,208241.86,0.0
5494,,,224898.88
2425,,697351.18,
5246,,16270482.58,0.0
2979,,3726826.58,0.0
5249,,2349031.77,0.0
4437,,971158.24,139036.79
5335,,1240045.95,0.0
2305,,374315.41,
5499,,,2773537.72
1321,,,316618.0
1322,,,305250.0
2716,,387966.83,0.0
2255,,193692.1,
4316,,1676798.53,176414.25
5314,,460929.86,0.0
2997,,51448.94,0.0
5198,,7541832.83,0.0
5017,,684418.07,0.0
4369,,3908163.56,12202.57
2657,,988301.75,0.0
2299,,4262388.45,
2541,,2602493.7,0.0
5421,,195815.29,777501.0
2880,,124694.11,0.0
2573,,187071.69,0.0
5391,,6902643.83,0.0
2973,,785047.27,0.0
1339,,,896815.0
1340,,,311009.0
1341,,,13056.0
1342,,,1000930.0
1483,,868596.02,78581.0
3518,,39353.18,
5190,,76945.83,0.0
5230,,3811.3,0.0
2272,,56133.0,
2221,,14446.0,
5467,,,0.0
1346,,,25581719.0
5468,,,0.0
1360,,18209539.53,2730274.0
1509,,16188809.94,980174.0
1297,,3374929.57,831368.0
1682,,30374675.17,4507985.0
1381,,14683135.02,4038077.0
1391,,4732560097.4,264635280.0
5382,,,2067208.75
2686,,1333559.35,0.0
1359,,,273677.0
1875,,24581512.14,3397069.0
1919,,4712458.08,434136.0
4130,,9033804.83,1827581.0
1364,,,1615134.0
1922,,12373472.43,3963820.89
2181,,738080.77,
2247,,4595.5,
4236,,7743787.17,723711.22
4138,,40512583.94,7536022.06
4387,,2577582.63,36485.29
4140,,6182973.09,54218.73
1822,,135879596.08,27004063.0
4275,,3045115.45,71192.17
4252,,18305095.51,1707464.47
3269,,6247181.91,
1629,,7817752.5,640210.0
1958,,13744126.49,2168421.0
5610,,,0.0
2140,,10342.5,
5388,,2746912.41,1462807.64
2130,,154.0,
3133,,1991289.57,
2157,,58709.0,
2232,,13292.0,
3132,,5429040.87,
2114,,1332890.0,
2179,,46133.5,
5278,,,1857307.56
1788,,2660766.77,0.0
3292,,611711.02,
1351,,682634.87,98588.0
1848,,12436207.3,2065029.0
1638,,4911052.76,238076.0
5451,,23815278.46,0.0
4115,,8231034.73,1175629.0
1856,,2203358.38,185505.0
2240,,10223.0,
2124,,254.1,
5286,,4320193.28,180208.1
2242,,361.0,
5283,,186238.57,1868044.54
5266,,36010.87,0.0
2676,,236644.0,0.0
1415,,,573827.0
5038,,6824731.93,0.0
2848,,675577.69,0.0
5578,,,0.0
4172,,1925935.2,192278.26
1721,,1315541.44,0.0
1421,,,55096.0
4446,,1088251.32,0.0
5541,,,0.0
2843,,55983.46,0.0
2867,,703954.92,0.0
3616,,,
3617,,,
1929,,666648.61,112780.0
5408,,2259027.05,0.0
2929,,431159.39,0.0
3131,,36153124.08,
2905,,5806.02,0.0
2715,,1374650.98,0.0
1434,,,1396381.0
2724,,1978366.88,0.0
2812,,213487.93,0.0
2379,,1008947.13,
2852,,1238001.83,0.0
2161,,1610.0,
2075,,917118.14,
5490,,,35851.87
3622,,,
5545,,,0.0
2524,,770661.56,0.0
2480,,151657.52,0.0
1248,,5270912.91,996958.0
5574,,,0.0
2223,,13535.0,
5418,,,1024091.26
3611,,,
3613,,,
5546,,,0.0
2536,,232624.73,0.0
2982,,24924.14,0.0
5236,,2133667.29,0.0
5572,,,0.0
2152,,10467.1,
1369,,19743137.17,3344251.0
1805,,38841921.56,4713715.0
1907,,19679317.4,58901.0
3135,,9848417.16,
1370,,36227572.27,5117141.0
4261,,69267697.55,11250426.83
4141,,5934364.43,936757.0
4005,,6940346.02,812698.37
1819,,220817573.8,29958447.0
4048,,26411715.75,3508702.24
4033,,7037295.1,617221.0
1576,,6686129.28,527138.0
3195,,2696280.98,
4181,,5532167.98,861379.0
3225,,2078364.65,
1326,,2191132.01,333150.0
1803,,6149283.51,725370.39
5002,,128885.39,0.0
1329,,5652343.85,1557307.0
2125,,8712.9,
4160,,5501202.69,795042.57
4388,,1859316.92,53783.5
1362,,4786803.73,106606.0
2725,,5539.53,0.0
1913,,2489369.98,402888.0
3490,,7152.97,
2129,,10304.7,
5573,,,0.0
3610,,,
4232,,1326573.48,141656.7
1666,,3058863.94,339901.0
2494,,671846.61,0.0
2145,,341529.3,
2216,,48676.6,
2678,,8312749.56,0.0
4545,,1809645.12,0.0
2076,,715276.08,
3328,,1313887.82,
4687,,819070.62,8600.0
2450,,694577.0,
5308,,417300.63,0.0
5130,,1727016.64,0.0
2227,,44916.0,
2668,,6979271.97,0.0
2084,,639513.43,
2653,,9259793.99,0.0
2171,,17969.0,
4321,,2727443.3,104243.3
2933,,1651694.38,0.0
2894,,46051.71,0.0
3103,,1314587.71,
5143,,637395.06,0.0
2552,,840197.0,0.0
3112,,5664851.19,
5058,,836129.26,0.0
2493,,1430860.74,0.0
5255,,1411540.89,0.0
5179,,81038.27,0.0
5203,,5560247.76,0.0
5004,,5285123.42,0.0
2454,,9320013.02,
5028,,1249472.02,0.0
5288,,2658681.22,486443.35
5092,,14620253.01,459594.0
5254,,9258.91,0.0
2376,,536017.54,
5030,,3725524.98,0.0
5097,,3214693.54,39142.24
2810,,16361.8,0.0
3097,,20174330.8,
5523,,,0.0
2119,,90917.25,
2802,,329201.83,0.0
2096,,78682.0,
2370,,334733.96,
2107,,145739.3,
5571,,,0.0
2748,,1046537.88,0.0
5369,,54110.05,0.0
2984,,5679187.27,0.0
2394,,133002.75,
2633,,750.0,0.0
2233,,367.0,
2173,,28434.0,
3101,,644399.12,
2080,,151581.41,
5521,,,0.0
1388,,11677354.07,2023999.0
1390,,5935229.86,914172.0
5603,,,0.0
5604,,,0.0
5605,,,0.0
1406,,6233212.7,1149793.0
1707,,5918785.05,231527.0
3209,,3261706.85,
1892,,6841093.22,894520.0
1678,,75910130.6,9858211.0
1419,,26435703.2,5840208.0
2243,,1483.3,
4238,,50780811.67,10203784.95
1379,,433651817.0,201035427.0
5510,,,154710.25
4092,,10459122.12,1555721.32
3161,,16539984.85,
3198,,8636637.81,
1696,,6708634.83,877049.0
1367,,8618000.36,1876460.0
1335,,31020492.12,2766765.0
1560,,15368109.08,1135905.0
1669,,9244257.84,1055799.0
1932,,7384786.3,990370.0
4063,,4883032.82,726334.0
1366,,2697313.17,442317.0
1748,,10068998.77,0.0
5582,,,0.0
3615,,,
5580,,,0.0
5607,,,0.0
3609,,,
5518,,,0.0
1333,,11738303.73,4661056.0
5386,,,101145.63
3624,,,
4002,,32964612.36,4510495.0
2462,,1807994.0,
4126,,20524115.81,2747619.0
4281,,5398418.52,1123574.5
2917,,515274.49,0.0
1821,,6143015.93,532472.0
4256,,49143878.08,8619410.99
1620,,24647039.99,1607048.0
5423,,,187359.83
1314,,2605294.29,405517.0
1510,,10289394.05,795890.0
1422,,1238463.33,831698.0
2960,,237059.79,0.0
5070,,9800754.63,0.0
1937,,3950567.97,537972.0
4471,,13792018.83,277185.14
4076,,8488330.16,1577249.0
2146,,90075.3,
1263,,1579219.78,235411.0
2086,,206437.7,
2773,,4759982.52,0.0
1839,,4546528.04,703135.0
2694,,1625345.68,0.0
3234,,219505.79,
2189,,285171.51,
3366,,1639099.39,
2460,,1677331.23,
2321,,18783.0,
1245,,9108430.34,2204299.0
2112,,3563854.01,
2131,,12667.2,
1374,,4621871.5,492411.0
3564,,216592.19,
2121,,13685.7,
2235,,38992.0,
3236,,163068.54,
5575,,,0.0
5583,,,0.0
4271,,1690433.9,167546.81
5085,,521457.25,0.0
5013,,775643.48,0.0
3104,,1808308.18,
2168,,23340.8,
1251,,25167912.31,13298291.0
5213,,8128493.97,0.0
2702,,133037.28,0.0
2183,,932280.44,
5050,,4558436.47,0.0
3247,,24233.27,
5117,,57419.43,303514.37
2771,,13458920.53,0.0
2726,,119765.79,0.0
5462,,,0.0
2377,,2761493.04,
2476,,7674.38,0.0
2226,,1132660.9,
3276,,79259.86,
4257,,11464133.02,106603.41
2871,,41791.72,0.0
5095,,484775.83,290927.42
2949,,400385.93,0.0
2758,,138933.54,0.0
5026,,2515374.98,0.0
5416,,3379328.86,0.0
2333,,27676.97,
5443,,3557670.84,0.0
5172,,142453.23,0.0
2819,,410439.53,0.0
5455,,3024.47,0.0
1534,,18467868.44,711134.0
1413,,4906653.82,771719.0
1691,,1241633.57,186168.0
1448,,86565179.7,6401348.0
2579,,3906217.67,0.0
1355,,160002351.14,23968328.0
2768,,292521.18,0.0
3116,,4403306.05,
4597,,15236311.79,1541757.02
2071,,3314655.92,
3625,,,
5557,,,0.0
5554,,,0.0
5555,,,0.0
4009,,11095538.36,381333.0
1272,,40588743.22,12665798.0
1860,,3143581.09,463613.0
2074,,1726889.5,
5392,,,1925765.04
1250,,32353288.21,6689836.0
1793,,3895660.58,608954.0
1948,,100179.04,242102.0
1767,,3346388.88,493091.0
2510,,59932.91,0.0
2158,,52328.5,
4444,,8208143.56,1414708.16
5509,,,0.0
1689,,,1141292.0
2136,,43485.4,
2587,,55425.8,0.0
3204,,2448149.31,
3202,,1690912.41,
1249,,109791243.08,15005046.0
2184,,1190.0,
2144,,50911.7,
1357,,4294159.44,351225.0
3109,,5541924.38,
1428,,1788583.65,237017.0
2155,,7036.4,
2952,,3996374.6,0.0
2220,,12209.0,
2126,,15425.2,
2722,,83628.49,0.0
2259,,405179.6,
1799,,823848.76,319962.0
1365,,2855252.63,417677.0
2961,,6590703.9,0.0
4170,,8678576.02,1076385.25
2663,,619658.59,0.0
2955,,960443.78,0.0
3211,,2080378.21,
5055,,9288969.03,0.0
2402,,2505601.52,
5066,,9630026.88,0.0
2815,,416.58,0.0
5563,,,0.0
5556,,,0.0
5576,,,0.0
2170,,1067.5,
2428,,974428.11,
3605,,,
2727,,825529.81,0.0
2677,,1537959.0,0.0
2213,,1337956.9,
2230,,20704.0,
5539,,,0.0
3621,,,
5609,,,0.0
2224,,36992.0,
2868,,37611.46,0.0
5475,,,0.0
3496,,280018.32,
5476,,,0.0
5477,,,0.0
2367,,2670288.12,
5091,,13868793.44,312579.84
5478,,,0.0
2117,,228928.7,
2318,,138208.0,
3126,,299025.95,
5281,,,525662.15
3529,,421455.95,
2153,,1717.1,
3577,,252457.03,
2523,,251890.75,0.0
2938,,41579.62,0.0
2972,,427980.25,0.0
2992,,2393137.14,0.0
5177,,1078505.47,0.0
2375,,363262.4,
2404,,298474.23,
2570,,8644.57,0.0
3489,,38364.77,
2561,,506548.12,0.0
2383,,0.0,
5180,,73633.42,0.0
2799,,315637.26,0.0
1378,,27714640.97,11061441.0
1900,,12721044.7,1807555.0
1796,,12186818.01,1787687.0
5378,,,1735300.96
1276,,5242416.68,1158596.0
1715,,4905985.03,620770.0
5577,,,0.0
5564,,,0.0
1262,,15377362.84,1494499.0
1410,,15255670.18,3846550.0
2104,,12218145.6,
2712,,246723.76,0.0
5472,,,0.0
1884,,28014674.09,7574086.0
1920,,1258988.51,155861.0
4184,,17806184.12,2990730.0
4146,,10450593.04,748915.25
1870,,19986986.22,1672344.0
2186,,272044.68,
2116,,79664.9,
2094,,115026.8,
1641,,6585337.32,657887.0
1727,,6273629.81,1200284.0
1285,,518798.92,86350.0
2149,,1709.4,
2134,,9263.1,
4221,,5885189.5,1058840.4
3110,,14521628.76,
4278,,4746862.15,916590.87
2156,,3756.2,
1947,,1079972.79,173937.0
2511,,68452.66,0.0
5465,,,0.0
4417,,3501859.85,132475.14
4909,,,0.0
1828,,11300288.42,929579.0
2087,,158330.0,
2662,,2376105.76,0.0
4384,,464404.17,0.0
2887,,47155.5,0.0
1808,,3364325.1,319768.0
2219,,10918.0,
3094,,1970893.81,
1258,,6654597.56,2546649.0
2164,,44075.5,
5611,,,0.0
2132,,3908.1,
2148,,55195.7,
2073,,172823.13,
3106,,1863094.36,
2137,,10665.2,
2245,,16169.0,
2165,,5310.9,
2139,,10684.8,
1246,,25674004.53,7197142.0
2102,,5283.6,
3612,,,
5343,,220000.39,0.0
2881,,245180.05,0.0
1247,,496217930.75,220712228.0
2098,,4417.78,
3080,,131270.0,
2150,,3832.5,
2217,,10378.9,
2128,,985.6,
5440,,1656804.72,0.0
2238,,809.0,
3107,,11978567.7,
5613,,,0.0
2545,,617178.15,0.0
2210,,2978.5,
1280,,801099.77,1152684.0
5112,,2909011.76,335650.35
5008,,1690213.97,0.0
5227,,2721442.21,0.0
2652,,594272.15,0.0
2710,,1953897.04,0.0
5312,,9126891.9,0.0
5202,,368318.57,0.0
5341,,4917541.16,0.0
5429,,445008.28,0.0
3120,,9910572.12,
3115,,4293680.63,
2740,,237638.12,0.0
2891,,101953.04,0.0
5347,,175242.14,1022563.61
5584,,,0.0
3099,,549567.42,
5023,,2220729.36,0.0
2103,,17711728.14,
4104,,1602599.04,198165.3
2655,,345269.68,0.0
2486,,62353.76,0.0
5237,,5939756.7,0.0
5039,,3790767.48,0.0
5452,,287382.69,0.0
5579,,,0.0
5547,,,0.0
3595,,,
5474,,,122494.46
2564,,307796.38,0.0
2347,,385486.13,
1244,,31014660.65,2801027.0
2083,,3923373.29,
2239,,89.0,
2151,,26617.5,
1412,,35299777.93,4988421.0
1375,,5097818.74,710833.0
1661,,37319126.81,1713943.0
1652,,8321148.68,760524.0
3170,,16619808.6,
1436,,6719649.01,1685487.0
2147,,242500.3,
1284,,4064691.72,641581.0
1426,,12698713.54,7923456.0
2163,,16529.1,
5591,,,0.0
5592,,,0.0
5593,,,0.0
2814,,55527.93,0.0
2135,,3612.0,
4166,,216209703.21,32791178.97
3619,,,
3194,,1209952.91,
3275,,2865308.55,
3144,,3640300.38,
3183,,3570334.69,
1754,,20695468.8,75650.0
2138,,19322.8,
1243,,3482782.86,580602.0
2081,,145795.3,
3095,,14177728.92,
2123,,6106.1,
2175,,67507.3,
2193,,537898.9,
2089,,22420.0,
2182,,78416.73,
1240,,25149994.52,3479614.0
5594,,,0.0
5595,,,0.0
3627,,,
5558,,,0.0
3123,,1498099.85,
2159,,5010.6,
3628,,,
2109,,49833.0,
5479,,,0.0
5480,,,0.0
5481,,,0.0
3111,,622261.07,
2142,,287844.9,
1885,,15069225.02,2350354.0
4183,,12097027.25,1444086.0
1259,,3099238.12,1129100.0
4093,,14890071.93,2253069.0
3096,,14603949.57,
4150,,10135201.52,1518773.0
1254,,6556199.43,750065.0
3127,,41304168.5,
1824,,10887118.75,1655323.0
4119,,7594458.33,1002978.0
2091,,100369.9,
1706,,6109252.52,831281.0
2222,,31229.0,
2127,,3388.0,
2090,,210625.4,
1961,,9807841.2,1769996.0
2122,,22213.1,
1337,,4697327.57,782081.0
1728,,5571824.46,313396.0
4016,,5743591.77,1518573.0
3177,,2288670.82,
1905,,27888157.43,3401021.0
5504,,,0.0
4098,,17603230.69,3763546.86
4075,,12040508.41,1646935.54
1673,,6654375.1,1213406.0
2169,,304833.9,
2095,,179704.0,
5597,,,0.0
2113,,171329.2,
5448,,,114009.6
1418,,4620806.54,888018.0
4311,,3126349.9,513765.94
1583,,3950493.46,410149.0
4114,,12480065.52,2789576.0
1264,,3033110.28,915473.0
4083,,2757341.45,755105.98
4102,,5926569.26,929.91
2421,,5635120.91,
3263,,95418.65,
5185,,11569873.93,2023621.49
2478,,286116.51,0.0
2519,,4517835.85,0.0
3527,,322190.94,
2253,,579368.3,
2838,,1809604.1,0.0
1725,,719520.31,3954.0
2713,,787557.07,0.0
5181,,7751554.46,0.0
3118,,728068.5,
2244,,451.0,
1253,,12512996.09,2116175.0
2447,,373067.37,
3238,,2130479.17,
2731,,390948.83,0.0
2963,,100774.9,0.0
2698,,472378.63,0.0
5559,,,0.0
2001,,,
2002,,,
2003,,,
2004,,,
2005,,,
2006,,,
2007,,,
2008,,,
2009,,,
2010,,,
2011,,,
2012,,,
2013,,,
2014,,,
2015,,,
2016,,,
2085,,1488663.62,
2309,,3209125.2,
5145,,13654350.61,0.0
5548,,,0.0
2194,,134398.6,
2174,,7865.2,
5588,,,0.0
2143,,10542.0,
2017,,,
2018,,,
2019,,,
2020,,,
2021,,,
2022,,,
2023,,,
2024,,,
2025,,,
2026,,,
2027,,,
2028,,,
2029,,,
2030,,,
2031,,,
2032,,,
2033,,,
2034,,,
2035,,,
2036,,,
2037,,,
2038,,,
2039,,,
2040,,,
2041,,,
2391,,292087.28,
2043,,,
2274,,27252.68,
2045,,,
2046,,,
2047,,,
2048,,,
2049,,,
2050,,,
2051,,,
2052,,,
2053,,,
2054,,,
2055,,,
2056,,,
2057,,,
2058,,,
2059,,,
2060,,,
2061,,,
2062,,,
2063,,,
2064,,,
2065,,,
2066,,,
2067,,,
2068,,,
2069,,,
2070,,,
2141,,10298.4,
2072,,,
4703,,,0.0
2430,,0.0,
2574,,152571.46,0.0
2319,,1050617.89,
2077,,,
2078,,,
2079,,,
3105,,24877863.19,
5586,,,0.0
5292,,329786.2,408447.88
2111,,2887129.0,
2270,,109772.6,
2356,,11549.67,
2110,,16959.0,
3193,,2631914.91,
3201,,49945087.29,
2231,,9565.0,
1354,,185489007.3,28495935.0
1547,,12821500.42,630116.0
3190,,2308324.53,
5581,,,0.0
2093,,,
1396,,4853317.12,93818.0
1407,,10952618.23,2133460.0
1386,,7390259.93,1663497.0
1882,,3536705.06,0.0
4051,,71006602.75,4882327.14
2100,,,
2101,,,
5589,,,0.0
2105,,,
2106,,,
3102,,167848.74,
3108,,498136.8,
2088,,138096.0,
2120,,106274.0,
1978,,7041838.42,1186863.0
1997,,13570671.84,1807320.0
4262,,46994294.43,5301884.96
4289,,16783200.6,3738576.45
3192,,9529091.7,
4038,,11018960.86,1441802.0
1363,,3019659.14,431125.0
2228,,84854.0,
1619,,3698478.5,127399.0
1318,,13588960.08,1454376.0
1626,,38376189.28,571436.0
1260,,9863594.0,1875688.0
2133,,19758.2,
5608,,,0.0
3254,,5201233.4,
2234,,393.0,
1252,,2020087.91,286725.0
4287,,5798145.11,275024.93
3553,,6215069.13,
2225,,1184534.16,
3114,,2682126.7,
1943,,22213776.98,974818.0
2229,,18799.0,
4036,,2466820.86,98442.04
3117,,4478262.25,
2551,,5321631.31,0.0
2985,,505445.76,0.0
5505,,,0.0
1572,,834072.23,8602.0
1242,,12713027.57,1514019.0
2776,,952269.39,0.0
3526,,0.0,
3100,,8445699.69,
2201,,99009898.86,
1940,,6363902.22,1141916.0
2706,,564692.63,0.0
5078,,3440106.91,0.0
5093,,30805790.0,393133.31
2671,,6243071.54,0.0
4246,,2486685.09,374875.74
3257,,360856.81,
2332,,199185.63,
2711,,1104733.0,0.0
2176,,,
2178,,,
5037,,30712289.96,0.0
2936,,2474182.45,0.0
5103,,10083188.44,37449.95
2742,,728769.26,0.0
2438,,244734.82,
2855,,4089121.18,0.0
5530,,,0.0
2680,,6432.11,0.0
2172,,9716.0,
2968,,139425.9,0.0
2190,,,
2191,,,
2192,,,
2639,,3338.02,0.0
2218,,10792.0,
2195,,,
2196,,,
2197,,,
2198,,,
2166,,37398.2,
2200,,,
2203,,,
2204,,,
2205,,,
2206,,,
2207,,,
2208,,,
2209,,,
5239,,6245239.57,0.0
2211,,,
2212,,,
2097,,250772.0,
2214,,,
2215,,,
2099,,86755.2,
2747,,65863.96,0.0
5158,,415169.62,112088.0
5194,,3126981.79,3071122.89
5122,,1102989.32,0.0
2082,,265690.51,
2451,,449514.35,
2167,,21858.2,
2246,,321.0,
5531,,,0.0
5044,,1077214.49,0.0
2794,,181364.45,0.0
2754,,65865.8,0.0
5235,,617443.25,0.0
2381,,53686.5,
5207,,37600.59,0.0
5059,,1329554.54,0.0
3256,,51276.45,
2185,,558515.77,
2160,,10498.6,
2236,,,
2180,,8006377.4,
2199,,196740.6,
5242,,79796.27,0.0
2767,,28163.31,0.0
2241,,,
2154,,14725.9,
1775,,9638507.73,93369.0
1714,,2306258.82,27051.0
2249,,,
2250,,,
2202,,121107.7,
2187,,357301.86,
2237,,230928.14,
2188,,28676.64,
1300,,34309695.49,3599288.0
2263,,,
2264,,,
2267,,,
2268,,,
2271,,,
2273,,,
1559,,2348737.81,154535.0
2276,,,
2277,,,
2278,,,
2279,,,
2280,,,
2281,,,
2283,,,
2284,,,
2285,,,
1408,,7698001.21,1252681.0
2289,,,
2290,,,
2291,,,
1586,,9963311.57,91326.0
1584,,2459682.68,435749.0
4135,,4551830.57,568704.0
2311,,,
2312,,,
1598,,1993482.38,0.0
1648,,7012366.06,375402.0
1703,,3337603.76,423213.0
1405,,4796806.64,752279.0
4380,,2996541.03,30845.37
5459,,,0.0
2339,,,
4220,,6320816.79,720273.38
2688,,1228860.77,0.0
1985,,3490382.1,405892.16
4230,,10965009.42,1568836.6
1956,,3990138.12,728851.0
4073,,2914288.63,102842.93
4032,,1995886.96,300596.0
4198,,1609009.61,110714.19
2351,,,
2352,,,
1992,,1756346.8,306106.24
1879,,12773947.54,992229.0
1275,,5322523.58,853245.0
4325,,15098468.62,1766204.25
2364,,,
2365,,,
2366,,,
5430,,,2218997.98
4105,,6153471.49,955286.72
2857,,1890446.08,0.0
5048,,2273317.23,0.0
2371,,,
3530,,2208510.74,
2913,,140212.14,0.0
3574,,80381.85,
5507,,,0.0
5508,,,0.0
5024,,8331302.41,0.0
1806,,1107827.99,3947586.15
2751,,5099.94,0.0
3139,,1064337.65,
2392,,,
2328,,1457745.93,
1392,,4938627.13,1792038.0
2395,,,
5041,,5721365.01,0.0
2397,,,
2326,,70842.0,
2683,,2018598.83,0.0
2664,,498799.41,0.0
2498,,458796.73,0.0
2343,,102666.28,
2580,,3012422.79,0.0
2896,,89674.22,0.0
5086,,912000.51,144710.56
5446,,2774175.81,519947.92
2413,,,
5165,,119555.16,0.0
2631,,262646.56,0.0
5088,,2135746.75,18415.07
5407,,32291.96,279292.25
2286,,25820.76,
1674,,124357843.32,17408694.0
3162,,3663238.24,
2426,,,0.0
1295,,38703382.74,9436261.0
1736,,24948123.75,2137722.0
2778,,595258.71,0.0
1496,,1492914.01,0.0
2435,,,
1684,,10083964.13,1223627.0
1851,,8931032.41,1308247.0
1279,,48334834.63,11742244.0
2441,,,
2446,,,
4552,,8847245.34,1814434.85
5256,,19615842.13,0.0
1403,,43824367.31,6709061.0
2468,,,0.0
2469,,,0.0
1804,,2543014.21,311362.0
1782,,1269313.62,206865.0
1286,,2083481.55,621569.0
1837,,2643437.02,195097.0
4132,,3283729.69,384030.0
1772,,6361368.91,779118.0
1568,,6016293.51,226946.0
1532,,1907631.53,122040.0
2500,,,0.0
2501,,,0.0
2502,,,0.0
2503,,,0.0
2504,,,0.0
2505,,,0.0
2506,,,0.0
2507,,,0.0
2512,,,0.0
3223,,2209668.18,
3148,,2032513.93,
1952,,80864515.33,10122435.51
1797,,5940451.74,1905215.0
4165,,46645842.62,8261053.08
2521,,,0.0
1581,,6186990.8,112353.0
1347,,5616578.93,1343739.0
3167,,1301755.4,
2470,,2312991.73,0.0
2458,,1313879.16,
2353,,3950133.61,
4041,,5570929.04,849612.04
1433,,3579584.09,624820.0
3252,,5854973.22,
4244,,4079526.97,130130.29
1302,,1875868.51,107462.0
2560,,213773.41,0.0
2472,,1749609.61,0.0
5436,,1472313.08,26525.22
4044,,3995523.23,877302.0
4551,,8718623.77,618242.37
2808,,189336.74,0.0
2455,,1123597.01,
5079,,5294854.84,0.0
5087,,1765492.94,351548.09
2491,,962614.44,0.0
2556,,,0.0
2557,,,0.0
2714,,1115187.66,0.0
2613,,86787.54,0.0
5124,,1930296.01,0.0
2924,,27127.61,0.0
2954,,45660.78,0.0
3232,,1816226.9,
2518,,283185.83,0.0
2577,,,0.0
2721,,4683929.84,0.0
5342,,15019.15,0.0
2910,,55445.93,0.0
2675,,3584.55,0.0
2690,,1079834.92,0.0
5104,,25623646.64,21540.47
2313,,1829514.81,
2331,,35147.55,
2418,,68955.63,
5344,,2880445.9,0.0
2591,,,0.0
2593,,,0.0
5317,,4453336.64,2037437.37
2596,,,0.0
2597,,,0.0
2598,,,0.0
2599,,,0.0
2935,,3173061.92,0.0
2601,,,0.0
2602,,,0.0
2603,,,0.0
2604,,,0.0
2605,,,0.0
2606,,,0.0
2607,,,0.0
2608,,,0.0
2609,,,0.0
2610,,,0.0
2611,,,0.0
2612,,,0.0
2638,,1882678.75,0.0
2614,,,0.0
2615,,,0.0
2616,,,0.0
2617,,,0.0
2618,,,0.0
2619,,,0.0
2620,,,0.0
2621,,,0.0
2622,,,0.0
2623,,,0.0
2624,,,0.0
2625,,,0.0
2626,,,0.0
2627,,,0.0
2628,,,0.0
2629,,,0.0
2630,,,0.0
2705,,83718.03,0.0
2632,,,0.0
2741,,58525.77,0.0
2637,,,0.0
5375,,1683429.35,0.0
5272,,665424.5,0.0
1616,,1990803.15,111586.0
1480,,3891329.31,245527.0
1737,,28052065.58,4620556.0
1910,,59386940.85,5042587.0
3191,,35683865.83,
4099,,12666844.02,1641227.0
4356,,5126898.02,76252.74
4211,,34509703.44,3599442.14
1953,,1600455.83,193119.0
1812,,14898663.36,2232817.0
1489,,973986.52,59829.0
2695,,,0.0
3179,,19129047.38,
1531,,1058536.53,78492.0
1438,,2745985.95,716877.0
1613,,11822936.68,622180.0
1562,,1681016.32,101251.0
2555,,2018946.0,0.0
2396,,2272904.0,
4082,,6640827.34,960197.0
2709,,,0.0
5147,,4430611.64,0.0
2307,,263418.75,
2465,,6525247.5,
5199,,3202093.02,0.0
4352,,14430450.53,0.0
2798,,111281.33,0.0
2691,,1216511.92,0.0
4405,,1648424.91,6957.72
2730,,,0.0
3231,,2008550.19,
2732,,,0.0
2733,,,0.0
2734,,,0.0
2735,,,0.0
2736,,,0.0
2737,,,0.0
2738,,,0.0
2739,,,0.0
5345,,1016846.58,0.0
3389,,585571.92,
5107,,2423995.63,14435.4
2942,,24833.31,0.0
5064,,40562.99,0.0
2487,,2760052.0,0.0
2970,,2987859.48,0.0
2516,,4692754.0,0.0
5102,,5569206.78,134573.0
3226,,1929990.02,
5189,,10485728.34,13715937.78
5034,,2493847.84,0.0
2760,,,0.0
2875,,904314.17,0.0
2873,,1274396.82,0.0
5537,,30441.02,0.0
2775,,,0.0
2330,,717000.55,
1704,,592556.62,31532.0
2762,,2175243.15,0.0
2582,,176293.0,0.0
2780,,,0.0
2781,,,0.0
2782,,,0.0
5100,,5975698.54,238444.48
5061,,9760200.98,0.0
2357,,880498.85,
2927,,1129647.45,0.0
2398,,739292.95,
2325,,185207.38,
2790,,,0.0
2791,,,0.0
5120,,1249825.6,0.0
2793,,,0.0
5330,,26195.27,0.0
2374,,1186851.58,
5410,,5834.27,0.0
4003,,9389606.38,1231142.0
1417,,1509686.69,218629.0
3141,,3479570.5,
1871,,18885702.86,1746827.0
4264,,81093524.93,8431940.69
1965,,5614462.32,1210847.0
4375,,7302114.67,229105.89
1982,,20249390.34,574042.0
5128,,14318214.62,0.0
1311,,36909135.59,5289650.0
1528,,3303885.65,253348.0
2831,,,0.0
1508,,2411749.43,152917.0
1241,,,302741.0
2840,,,0.0
1424,,1428869.09,218396.0
1787,,3673097.45,555038.0
1266,,7265330.4,3634575.0
1579,,82381461.35,2183102.0
1256,,,645473.0
4074,,1297026.84,230763.0
1387,,3692932.67,659897.0
1325,,1354522.51,98973.0
2856,,,0.0
2860,,,0.0
2861,,,0.0
2862,,,0.0
2863,,,0.0
2864,,,0.0
2865,,,0.0
1618,,1415493.42,155550.0
2531,,13409.78,0.0
4197,,6005686.07,277283.52
4113,,11108020.79,857916.0
2466,,1488494.88,0.0
5071,,9986747.15,0.0
2878,,,0.0
2700,,710751.98,0.0
3559,,6291372.98,
2257,,71617.0,
5498,,,0.0
2833,,3866805.34,0.0
5232,,4390258.61,0.0
2744,,729435.27,0.0
5484,,814214.45,0.0
2900,,,0.0
1452,,4409312.27,732504.0
4328,,2962549.72,232980.47
2431,,11114.8,
2406,,766588.42,
5210,,156543.99,0.0
2995,,592294.84,0.0
4123,,239920.61,0.0
2401,,343461.6,
2966,,1392551.94,0.0
2528,,6772439.0,0.0
2884,,2389717.33,0.0
2576,,141511.94,0.0
4688,,303475.35,11240.75
2945,,132741.52,0.0
3228,,940482.93,
2361,,350001.76,
2750,,16699.86,0.0
2294,,0.0,
2993,,9912.6,0.0
2899,,20995.06,0.0
2410,,1276717.16,
2769,,11390.36,0.0
2316,,21098.16,
2636,,2406368.89,0.0
2846,,585290.52,0.0
2672,,239091.04,0.0
1296,,41182922.07,4413443.0
4161,,1802953.09,251861.0
3140,,51218204.06,
1332,,10905227.4,3154896.0
1414,,8191992.39,2027706.0
1625,,11286153.18,632542.0
1813,,49802008.6,5612828.0
2354,,1546000.26,
1927,,2515039.14,223662.0
4334,,5349464.31,1270811.62
5032,,5126349.47,0.0
1515,,12621672.3,633024.0
1977,,2702114.08,669375.0
1481,,11748193.16,423256.0
2766,,10360215.7,0.0
3001,,,
3002,,,
3003,,,
3004,,,
3005,,,
3006,,,
3007,,,
3008,,,
3009,,,
3010,,,
3011,,,
3012,,,
3013,,,
3014,,,
3015,,,
3016,,,
3017,,,
3018,,,
3019,,,
3020,,,
3021,,,
3022,,,
3023,,,
3024,,,
3025,,,
3026,,,
3027,,,
3028,,,
3029,,,
3030,,,
3031,,,
3032,,,
3033,,,
3034,,,
3035,,,
3036,,,
3037,,,
3038,,,
3039,,,
3040,,,
3041,,,
3042,,,
3043,,,
3044,,,
3045,,,
3046,,,
3047,,,
3048,,,
3049,,,
3050,,,
3051,,,
3052,,,
3053,,,
3054,,,
3055,,,
3056,,,
3057,,,
3058,,,
3059,,,
3060,,,
3061,,,
3062,,,
3063,,,
3064,,,
3065,,,
5449,,,430647.23
3067,,,
3068,,,
3069,,,
3070,,,
3071,,,
3072,,,
3073,,,
3074,,,
3075,,,
3076,,,
3077,,,
3150,,547528.1,
3079,,,
4298,,9837358.31,1447192.8
3081,,,
3082,,,
3083,,,
3084,,,
3085,,,
3086,,,
3087,,,
3088,,,
3089,,,
3090,,,
3091,,,
3092,,,
3093,,,
3098,,,
3326,,781030.88,
4055,,15087219.2,3032978.0
3119,,,
3121,,,
3122,,,
4716,,1544004.64,0.0
3124,,,
3125,,,
3128,,,
3129,,,
3130,,,
4070,,8796860.02,670441.0
1852,,2915456.44,229235.0
3145,,,
3146,,,
3147,,,
1420,,5581544.94,1122434.0
3149,,,
1535,,10223840.2,771366.0
3151,,,
3152,,,
1380,,9040908.02,14135775.0
3335,,5191261.4,
4112,,1320792.96,140026.0
3158,,,
3159,,,
4190,,2352906.01,268862.0
4169,,6364572.95,872345.55
1287,,3704291.45,3182052.0
1307,,1010652.61,111961.0
3168,,,
5544,,,0.0
3217,,34877040.15,
5251,,665090.01,0.0
1611,,1046674.03,68814.0
5434,,1027110.45,1428146.3
5153,,820738.65,0.0
2463,,540451.0,
4095,,2113605.92,158765.0
1389,,708827.27,255255.0
2345,,2539053.48,
2327,,871692.4,
2684,,162574.07,0.0
2424,,258389.44,
5018,,285252.85,0.0
2976,,2929255.77,0.0
2937,,807344.61,0.0
2832,,889842.57,0.0
2329,,422314.25,
5204,,9219383.36,0.0
5099,,7905132.26,347360.0
3212,,,
3213,,,
3214,,,
3342,,28257.8,
5259,,4305827.58,0.0
5211,,1335350.27,0.0
2912,,164326.83,0.0
4312,,269934.77,1650.0
2563,,76008.85,0.0
5444,,5211696.92,0.0
2811,,96586.9,0.0
2999,,619731.97,0.0
5450,,8512204.78,0.0
5183,,2393401.79,487954.24
2837,,321803.65,0.0
2373,,2722101.81,
2578,,93267.74,0.0
3304,,544794.58,
2647,,2718247.83,0.0
2368,,1121445.74,
2304,,587627.7,
2687,,4883323.68,0.0
2796,,635400.05,0.0
2558,,187479.36,0.0
2350,,81878.55,
2697,,80752.71,0.0
5311,,898824.68,0.0
5065,,152495.99,0.0
5191,,431868.84,0.0
3203,,6273609.34,
1688,,65377279.14,8187875.0
3260,,,
1713,,2939821.65,345661.0
1282,,10955690.74,2636499.0
3218,,9466263.25,
3268,,,
1313,,8726361.63,1311471.0
1277,,8534710.43,2449736.0
2456,,15963332.0,
3279,,,
3280,,,
3281,,,
3282,,,
5587,,,0.0
3284,,,
4173,,9571816.89,1162948.14
3289,,,
3295,,,
3296,,,
3297,,,
3298,,,
1880,,84281914.59,21711154.0
3301,,,
3302,,,
3303,,,
1827,,18571978.65,1671236.0
3307,,,
3308,,,
1886,,874502.99,186548.0
3310,,,
3311,,,
3312,,,
3313,,,
1868,,19988438.27,4996596.0
3316,,,
3317,,,
3318,,,
3319,,,
3200,,12467305.96,
3321,,,
5295,,63051706.37,0.0
3323,,,
3324,,,
3325,,,
3173,,16025623.46,
3327,,,
1540,,6365836.25,533754.0
1456,,6239034.16,72631.0
3331,,,
3332,,,
3334,,,
5127,,5905956.47,0.0
3337,,,
3338,,,
3339,,,
4127,,2774452.64,265599.27
4208,,2643562.21,407016.03
3343,,,
3344,,,
3345,,,
3346,,,
3347,,,
3348,,,
3349,,,
3350,,,
3351,,,
3352,,,
3353,,,
3354,,,
3355,,,
3356,,,
3357,,,
3359,,,
3361,,,
3364,,,
3365,,,
4133,,173358.39,21114.86
3367,,,
3368,,,
3369,,,
3370,,,
3371,,,
3372,,,
3373,,,
3374,,,
3375,,,
4186,,11078851.36,1512985.0
3377,,,
3378,,,
3379,,,
3380,,,
3381,,,
3383,,,
4351,,10235172.68,597107.94
3385,,,
3386,,,
3387,,,
3388,,,
3390,,,
3391,,,
1951,,1555019.55,148960.0
3393,,,
3394,,,
2685,,19179060.64,0.0
3396,,,
3397,,,
3398,,,
3399,,,
3400,,,
3402,,,
3407,,,
3408,,,
3409,,,
3410,,,
3411,,,
3412,,,
3248,,988951.24,
3414,,,
3415,,,
3416,,,
3417,,,
3418,,,
3419,,,
3420,,,
3421,,,
3422,,,
3423,,,
3424,,,
3425,,,
3426,,,
3427,,,
2646,,2537766.32,0.0
3429,,,
3430,,,
3431,,,
3432,,,
3433,,,
3434,,,
2958,,12571783.43,0.0
3436,,,
3437,,,
3438,,,
3439,,,
3440,,,
2788,,2416515.89,0.0
2453,,766295.66,
1778,,1086864.23,53071.0
3444,,,
3445,,,
3446,,,
3447,,,
3448,,,
3449,,,
3450,,,
3451,,,
3452,,,
3453,,,
3454,,,
3455,,,
3456,,,
3457,,,
3458,,,
2360,,695210.91,
3460,,,
3461,,,
3462,,,
3463,,,
3464,,,
3465,,,
3466,,,
3467,,,
3468,,,
3469,,,
3470,,,
3471,,,
3472,,,
3473,,,
3474,,,
3475,,,
3476,,,
3477,,,
3478,,,
3479,,,
3480,,,
3481,,,
3482,,,
3483,,,
2851,,1406149.26,0.0
3485,,,
5404,,1097960.02,33200.0
3487,,,
2525,,13799889.68,0.0
5290,,2380887.68,0.0
3491,,,
3492,,,
3493,,,
3494,,,
5060,,2498698.87,0.0
5601,,,0.0
5606,,,0.0
3499,,,
3500,,,
3501,,,
3502,,,
3220,,3810182.41,
2707,,1137113.61,0.0
5043,,174850.88,0.0
2988,,1997340.79,0.0
3508,,,
3509,,,
3510,,,
3511,,,
3512,,,
3513,,,
3514,,,
5309,,1314787.49,0.0
3516,,,
3517,,,
2275,,60072.88,
3519,,,
3520,,,
3522,,,
2559,,139843.79,0.0
3524,,,
3525,,,
5497,,,0.0
5000,,490873.82,0.0
2416,,6435257.27,
2749,,5698.56,0.0
3531,,,
3532,,,
3534,,,
3535,,,
3536,,,
3537,,,
3538,,,
3541,,,
3542,,,
2879,,40471.62,0.0
3546,,,
3547,,,
5174,,72527.19,0.0
3549,,,
2904,,24495.08,0.0
2509,,0.0,0.0
3552,,,
5173,,75847.49,0.0
3554,,,
3555,,,
3556,,,
2977,,43502.24,0.0
3558,,,
3320,,16250.69,
2753,,147786.26,0.0
1289,,785818.09,305977.0
3563,,,
3565,,,
3566,,,
3567,,,
3568,,,
1345,,288481152.48,76656943.0
3570,,,
3571,,,
3572,,,
3573,,,
3575,,,
3576,,,
1675,,240543859.57,32870167.0
3578,,,
3579,,,
3580,,,
1934,,17450052.93,1579035.0
1376,,23460073.66,3517976.0
3583,,,
3584,,,
1622,,8177519.39,643609.0
1310,,4680340.29,250405.0
3587,,,
3588,,,
3590,,,
3591,,,
3592,,,
1896,,9201061.54,208855.0
1825,,26341587.62,5132047.0
3243,,1247816.81,
4368,,30198383.77,1970744.5
1966,,8143719.94,1681284.0
1663,,9169973.3,1257854.0
1881,,2944843.15,255138.0
4255,,25473437.32,2143138.5
4043,,946367.37,116340.75
4219,,7415157.76,1237705.28
5525,,,0.0
4188,,19903187.12,3313031.92
5526,,,0.0
5067,,8062198.55,0.0
1537,,3480615.66,215809.0
2701,,269310.94,0.0
1968,,37703713.52,4257267.97
2772,,2703561.16,0.0
1449,,2603436.29,0.0
2850,,4327774.39,0.0
3174,,416827.64,
5090,,5910094.63,35216.25
1592,,1906286.59,82281.0
3376,,6999940.03,
5250,,17993983.31,0.0
2763,,1922531.45,0.0
2965,,3000795.51,0.0
5094,,930657.61,33602.22
5258,,806419.18,0.0
2854,,579945.39,0.0
2546,,892685.29,0.0
2543,,3033966.29,0.0
2877,,951915.12,0.0
1950,,574530.98,74844.0
2335,,428499.97,
2853,,130014.08,0.0
2885,,8824311.63,0.0
5016,,3135.26,0.0
2667,,1154485.44,0.0
2643,,135566.78,0.0
5247,,1897908.28,0.0
2898,,55897.82,0.0
2777,,406862.16,0.0
2897,,75184.0,0.0
2414,,561239.87,
2930,,212620.81,0.0
2459,,116022.56,
2666,,177499.59,0.0
2682,,89839.23,0.0
5425,,464403.62,518657.96
5243,,1320318.18,0.0
5125,,2004706.26,0.0
5171,,1082212.23,0.0
2482,,34326.0,0.0
5154,,3644.11,446662.49
5435,,4072541.39,0.0
1742,,1334506.76,111712.0
3169,,88203232.21,
1324,,10907868.92,1613748.0
1575,,18589306.34,222817.0
4077,,16595662.54,3299351.0
1946,,17541820.75,288278.0
1293,,19890308.77,4034816.0
2411,,0.0,
4124,,6593153.21,1227697.03
1993,,35684182.87,4693006.0
1849,,11534817.8,1455392.0
1823,,9203600.91,964338.0
3285,,8596849.56,
1681,,21894005.83,2866338.0
1655,,7144503.13,307609.0
2288,,926850.15,
4011,,7738769.52,1463518.0
4027,,8341293.11,912225.58
4120,,1914682.79,274639.01
4163,,6342340.95,394978.7
5560,,,0.0
3314,,455369.3,
1759,,7826995.83,811968.0
1890,,7638439.83,0.0
4053,,2564683.72,441205.0
1451,,3939783.19,560847.0
4661,,1110110.81,69039.77
3362,,6195205.8,
3607,,,
4259,,21181388.94,2849273.26
4121,,4849947.62,282365.08
1850,,15612814.36,794466.0
4412,,18890910.27,3118893.13
3137,,9019537.72,
1352,,1085125.11,192419.0
1944,,4019463.94,648546.0
5201,,7674180.59,0.0
1923,,3004023.04,64912.0
1938,,3144150.1,135660.0
1368,,5964308.99,521140.0
2820,,1551762.26,0.0
3224,,13199692.01,
4373,,5306654.47,692559.87
5137,,111716016.91,0.0
1657,,985181.75,73741.0
2488,,2548113.66,0.0
2797,,319501.9,0.0
5076,,1960049.13,0.0
2931,,1180318.09,0.0
5543,,,249334.75
5461,,,1918664.58
3222,,2387886.66,
2293,,80472.1,
5248,,15047522.76,0.0
5106,,1070536.08,46716.62
2829,,1878332.73,0.0
2532,,137058.0,0.0
5454,,173823.56,0.0
2485,,358381.26,0.0
5310,,500999.3,2547773.28
5068,,1134200.15,0.0
5146,,56849949.26,0.0
5323,,12080.71,0.0
5396,,29773672.15,0.0
2393,,122495.25,
3206,,3998836.12,
2594,,66656.63,0.0
1676,,106468427.8,16724761.0
1488,,966610.05,71661.0
1425,,27960004.15,10058379.0
1646,,35359079.9,1394670.0
1299,,20544924.45,6074584.0
1308,,920741.26,136145.0
4144,,17467954.13,3828574.0
4153,,8328562.26,428209.48
4154,,4389175.57,540895.0
3596,,,
4323,,5306863.74,563589.34
5320,,11409.03,5457566.47
1878,,6577021.37,54775.0
1960,,48259660.62,4512689.89
3136,,4673921.01,
1398,,5456042.93,804721.0
3189,,4948995.65,
1429,,3547202.78,513181.0
4062,,3095013.91,95524.0
1963,,7610816.89,1296030.03
3176,,8932169.87,
3283,,5046066.37,
4018,,4132709.44,832243.0
4292,,25541185.85,3141703.03
3207,,3611491.49,
3330,,5366361.92,
2262,,298379.9,
1862,,7711083.63,1071884.0
5565,,,0.0
5566,,,0.0
3156,,2440546.55,
4139,,5898074.88,321104.36
2720,,481672.45,0.0
2889,,1352883.8,0.0
3293,,957955.64,
2728,,3705037.74,0.0
1395,,1146338.86,244547.0
5395,,,3094875.24
5473,,,114957.17
2544,,5709197.0,0.0
3172,,411357.84,
5081,,17367834.02,0.0
2439,,225777.71,
3545,,80246.7,
2475,,207150.21,0.0
1716,,1665070.31,149208.0
5157,,3901102.19,0.0
5160,,324252.9,0.0
2759,,24274.61,0.0
2565,,428064.13,0.0
5535,,74828.22,0.0
5208,,1384204.87,0.0
5385,,572925.79,1922217.15
2572,,1061643.32,0.0
3620,,,
5441,,390871.07,0.0
5397,,7307.41,0.0
2389,,532317.35,
2362,,828614.56,
2420,,302379.36,
2743,,324663.6,0.0
2515,,0.0,0.0
4109,,57648989.57,3635560.48
1404,,5913137.1,338652.0
1571,,12384097.04,464357.0
1590,,1688473.78,0.0
3241,,5726164.08,
1393,,22990447.07,1575675.0
2490,,30550993.65,0.0
1701,,8293666.78,439600.0
1303,,5462529.93,1061424.0
1394,,1414196.5,136586.0
1874,,22887905.74,4308099.0
4034,,19868844.47,2697385.0
4242,,6172025.65,914999.83
3623,,,
4064,,2918163.16,387910.63
3270,,8606436.54,
1344,,18565928.96,1922332.0
1660,,10997536.94,1123094.0
1949,,837036.96,156373.0
4090,,6615076.59,291325.36
4079,,25632263.08,7634682.84
1323,,3773011.29,556864.0
1654,,534107.74,53347.0
2517,,4362222.0,0.0
3157,,4999310.11,
4108,,3114956.97,249129.51
2408,,958864.51,
3182,,2002983.94,
4304,,12565373.45,1331667.15
5453,,31780017.55,0.0
2562,,538289.4,0.0
1901,,26651652.74,2836942.0
3272,,2140920.65,
2508,,1499272.0,0.0
5175,,159026.03,0.0
5401,,51971.89,0.0
4205,,2985308.16,15295.0
2674,,80510.28,0.0
1330,,1779885.95,232618.0
2679,,20431.52,0.0
2964,,5759781.29,0.0
5420,,195103.58,2241932.45
2437,,282120.02,
5121,,103478.1,0.0
5197,,1495224.55,0.0
5274,,1518091.71,0.0
2824,,17722218.96,0.0
2569,,14231.1,0.0
5324,,365586.28,2513023.6
2443,,393221.39,
2918,,4300099.08,0.0
5111,,3149241.65,21592.0
3245,,393813.27,
2445,,2424854.78,
2990,,983739.9,0.0
2537,,47179.51,0.0
2908,,80761.88,0.0
5398,,3783.95,0.0
2520,,102738.56,0.0
2764,,78506.85,0.0
2265,,71328.85,
2911,,67568.51,0.0
5313,,666292.63,0.0
1898,,44167865.22,4954255.0
3138,,3132714.82,
3164,,3404108.7,
1411,,6678555.87,1225737.0
1319,,5134082.94,1289906.0
1543,,2426201.13,120370.0
3210,,1296770.22,
1924,,49926354.5,1234417.0
4386,,15302173.31,3840452.46
4128,,10126940.11,960269.0
4110,,67034034.89,3549313.95
1915,,21498619.82,2780704.0
4322,,28335249.54,511159.15
5192,,61870100.96,0.0
1988,,3925597.14,476492.68
1873,,13737974.24,412057.48
4324,,4539992.99,591792.36
5596,,,0.0
4320,,31960035.12,2107211.42
4069,,41354847.24,5718652.0
1877,,5996437.44,1505411.0
3261,,6273272.45,
3166,,3433251.55,
1826,,11999525.1,164087.0
2464,,3643501.26,
2588,,49093.06,0.0
3286,,7122145.99,
5561,,,0.0
5590,,,0.0
1430,,734518.39,105972.0
3521,,2565254.14,
1516,,7053105.35,409670.0
1305,,594693.82,11345.0
4047,,13324210.65,482423.45
5129,,1377758.82,0.0
4066,,1017761.39,78963.67
2921,,2613039.26,0.0
3154,,4385737.74,
1811,,5825275.23,1134370.0
2823,,640027.58,0.0
4265,,1602711.5,11491.39
5233,,155164.75,1313220.1
4088,,1653796.77,246920.0
5307,,674711.55,0.0
3305,,397944.96,
2827,,225175.41,0.0
2483,,646082.95,0.0
5056,,2758839.89,0.0
2542,,5991231.46,0.0
1630,,1106062.86,138344.0
2549,,6063448.95,0.0
2522,,238140.0,0.0
5275,,722953.45,0.0
5562,,,0.0
1268,,721979.29,120352.0
3523,,275575.36,
5263,,19206.68,300576.5
2382,,76944.59,
2876,,112240.74,0.0
2816,,1285560.55,0.0
2882,,151670.08,0.0
2800,,174155.26,0.0
2349,,1000625.76,
3244,,212992.2,
3598,,21090.56,
5083,,1125000.01,0.0
2323,,925982.68,
3181,,36139478.42,
1591,,6969403.65,456544.0
1941,,25078569.96,996035.0
3233,,5307714.12,
1334,,39700101.17,9520801.0
2888,,8630995.0,0.0
1872,,9308284.68,1418762.0
1776,,55300511.2,5908173.0
1328,,2551571.28,888289.0
4106,,31099393.08,2980809.33
3153,,3101637.94,
1865,,3950737.77,504725.0
1866,,4228940.04,1485616.0
4206,,924687.91,143035.25
3271,,1322697.68,
1739,,2895288.73,33064.0
1504,,1225379.55,57338.0
5536,,12920.87,0.0
5513,,,0.0
1914,,1862942.69,418576.0
1435,,6487026.47,4023296.0
1529,,21025562.11,895918.0
1596,,677994.86,4671.0
1601,,2865304.42,200225.0
2789,,4417991.95,0.0
5439,,3628684.84,0.0
2946,,43282.66,0.0
3395,,446808.86,
5517,,,0.0
5005,,6669639.04,0.0
5294,,110836.8,0.0
2689,,13792363.24,0.0
2514,,519746.3,0.0
2806,,641093.78,0.0
5318,,510435.38,0.0
3255,,1110009.95,
2981,,156228.72,0.0
2550,,108563.59,0.0
2926,,283927.65,0.0
2939,,204671.41,0.0
2384,,574906.82,
5269,,66098.71,0.0
2974,,467902.26,0.0
5570,,,0.0
5170,,1727559.21,3054442.91
2804,,182593.13,0.0
2348,,93972.96,
2390,,394778.25,
3186,,5419372.81,
1567,,1685028.81,113870.0
1911,,26687516.62,2477129.75
1257,,33279674.22,18906913.0
1356,,39711803.79,4438038.0
3134,,25469687.41,
1683,,5095726.19,893692.0
1331,,3700015.29,449273.0
4050,,4721628.31,227656.0
1361,,66734226.22,18838111.0
1928,,3008481.95,2454493.0
1608,,16887658.78,341998.0
1269,,1737569.4,1037030.0
3336,,916843.53,
2434,,759649.98,
2534,,3240462.0,0.0
2723,,0.0,0.0
2422,,187811.25,
4111,,24295599.44,394787.81
2756,,0.0,0.0
2403,,314629.34,
2940,,95356.14,0.0
4422,,540891.07,0.0
5399,,96781.06,0.0
2495,,485259.54,0.0
5486,,3557101.83,0.0
2699,,3501238.04,0.0
2906,,789533.19,0.0
2400,,522973.11,
5049,,457025.18,0.0
2427,,257930.57,
2874,,22073.78,0.0
5549,,,0.0
5550,,,0.0
5053,,,0.0
5551,,,0.0
2919,,3908122.74,0.0
2996,,622320.74,0.0
2386,,1815259.18,
2994,,373970.07,0.0
5155,,1143555.26,316730.66
5245,,2682305.5,0.0
5364,,62426.25,0.0
2308,,1090377.3,
5315,,65178.81,0.0
2452,,3581722.73,
2581,,437362.93,0.0
2717,,231202.76,0.0
5354,,68404.73,0.0
2409,,209475.0,
2649,,22897.85,0.0
2287,,55893.18,
5193,,202450.63,0.0
5358,,69247.64,0.0
5316,,156297.96,860715.38
1902,,3112391.72,23471.0
5585,,,0.0
3267,,11028992.49,
1600,,3444836.86,178200.0
1281,,4736115.0,704930.0
3266,,9911219.22,
1343,,3340810.2,346748.0
3160,,9209100.46,
4004,,6433605.15,1105267.0
4046,,88561262.67,10313835.25
4207,,3949092.78,415567.57
1867,,12182946.13,2708545.0
1861,,15305769.72,1217406.0
5419,,4634597.1,743457.99
1574,,8779277.11,797224.0
1409,,4284113.3,849287.0
1383,,6689724.02,1800672.0
5115,,,8689.8
5118,,,0.0
5119,,,0.0
5123,,,0.0
1271,,1868757.98,495343.0
4103,,4212154.14,386084.0
1779,,12058395.64,1281647.0
3288,,8915740.63,
1964,,5611823.23,1211616.0
5186,,5335398.46,0.0
2317,,13633895.1,
5262,,21531039.35,0.0
5167,,,0.0
2932,,308817.5,0.0
2729,,3269576.83,0.0
5223,,31437.89,0.0
4164,,3976954.92,450107.2
1594,,1707563.39,181466.0
1317,,3394920.15,438084.0
5209,,12068.12,0.0
5176,,175234.98,0.0
1784,,449482.54,52815.0
2388,,267732.58,
5062,,17351586.34,0.0
5214,,,0.0
5215,,,0.0
5216,,,0.0
5217,,,0.0
5218,,,0.0
5219,,,0.0
5220,,,0.0
5221,,,0.0
5222,,,0.0
5224,,,0.0
5240,,,0.0
4136,,28828351.7,2157637.6
5327,,3896583.31,7854810.97
3287,,246230084.13,
2496,,362624.55,0.0
5228,,9188549.35,0.0
1353,,817522.69,104509.0
3300,,9540583.88,
4233,,3078434.15,472182.0
4151,,4347340.77,387721.52
5036,,563414.74,0.0
2346,,254258.94,
4178,,1824522.67,217506.63
4302,,3345510.33,0.0
3251,,1565130.68,
5277,,,0.0
5279,,,0.0
5280,,,0.0
5271,,30025.07,0.0
2292,,132351.32,
3443,,957787.02,
2266,,406510.13,
5164,,2388962.04,0.0
4690,,264581.77,0.0
5409,,2806287.14,0.0
3155,,4668512.48,
5047,,2540783.4,0.0
2320,,5514048.11,
5365,,227319.53,0.0
5305,,,0.0
5306,,,0.0
2783,,1816465.98,0.0
2991,,169360.98,0.0
2872,,4527.53,0.0
5035,,10455.91,0.0
5108,,1947217.55,30584.95
2338,,1371792.07,
2784,,2020851.57,0.0
2342,,109241.75,
2640,,65775.53,0.0
1645,,7378304.78,373069.0
5319,,,0.0
3184,,33681870.19,
5322,,,0.0
1818,,255208480.28,44962054.56
3230,,4425301.59,
4155,,43148257.98,5836557.0
5326,,,0.0
5328,,,0.0
5329,,,0.0
1876,,18085951.67,3177806.11
5331,,,0.0
5332,,,0.0
5333,,,0.0
1883,,118162678.93,11516711.19
1921,,13066488.27,2374487.0
5336,,,0.0
5338,,,0.0
5339,,,0.0
5340,,,0.0
5346,,,0.0
5348,,,0.0
5349,,,0.0
5350,,,0.0
1585,,77765373.82,3238180.0
5355,,,0.0
5356,,,0.0
5357,,,0.0
5361,,,0.0
5362,,,0.0
5363,,,0.0
5366,,,0.0
5368,,,0.0
3593,,,
5371,,,0.0
5372,,,0.0
5373,,,0.0
5374,,,0.0
2953,,9616.73,0.0
5376,,,0.0
5377,,,0.0
4118,,7097551.4,734810.0
3594,,,
4450,,4871677.62,0.0
4401,,33230394.25,5004709.99
3299,,11498194.84,
5387,,,0.0
5390,,,0.0
1844,,5301081.25,793594.0
1954,,52013289.04,7365952.14
5131,,4247960.9,0.0
1845,,9045503.16,1374399.0
5400,,,0.0
3165,,21065441.93,
5402,,,0.0
5403,,,0.0
5405,,,0.0
5406,,,0.0
2258,,1513182.3,
4107,,7915043.74,676141.75
5411,,,0.0
5412,,,0.0
5413,,,0.0
5414,,,0.0
5415,,,0.0
1710,,12737075.85,1857348.0
2925,,125530.94,0.0
2947,,411278.9,0.0
5424,,,0.0
5431,,,0.0
5432,,,0.0
5433,,,0.0
1869,,17438357.78,309213.0
4100,,8293401.3,1410234.0
5437,,,0.0
5438,,,0.0
3631,,,
5612,,,0.0
5599,,,0.0
5552,,,0.0
5553,,,0.0
5447,,,1155477.99
3632,,,
5524,,,582457.59
5567,,,0.0
5568,,,0.0
5569,,,0.0
1789,,7955261.42,1264949.02
1399,,2343447.82,484316.0
1373,,2982075.51,415221.0
3277,,15338277.73,
2922,,96413.96,0.0
2256,,472703.0,
2590,,54544.44,0.0
5134,,850539.46,0.0
1816,,1337879.37,93590.0
5045,,875256.85,0.0
3557,,187850.76,
5077,,3340243.4,0.0
2586,,3351326.34,0.0
2306,,646465.83,
2481,,71060.87,0.0
1385,,970883.22,136965.0
5019,,1158109.53,0.0
3264,,594853.93,
3562,,10578.04,
5422,,551624.05,0.0
2892,,2256591.3,0.0
5163,,577945.32,806554.35
5241,,589823.85,694896.49
2826,,1781984.76,0.0
2755,,14978.67,0.0
2642,,36241.71,0.0
5519,,109417.84,0.0
2526,,268179.98,0.0
1338,,297203.25,45256.0
5321,,670174.52,0.0
5021,,2950234.62,0.0
2385,,880634.65,
5304,,,1137220.61
2387,,1196608.92,
2648,,898981.85,0.0
2805,,18494.98,0.0
5273,,27757.8,0.0
2499,,13227.39,0.0
5370,,51399.0,0.0
3258,,9887.4,
1602,,188845255.19,10236074.0
1774,,4716310.17,541355.0
4037,,2036745.61,237236.0
1427,,2193357.34,1810224.0
1294,,10347269.34,4277685.0
3290,,27385680.76,
4125,,1215685.33,178449.0
2923,,987749.43,0.0
1431,,1143690.22,157886.0
3180,,20980672.39,
1348,,4128414.91,1154842.0
3291,,356530.38,
2461,,2124158.0,
1777,,14547910.96,1175154.0
1723,,1295072.88,61821.0
3188,,1480656.94,
3205,,1498692.53,
4148,,5540702.34,72958.15
4196,,4749236.93,1099523.14
1959,,25846401.41,1524502.24
3208,,1099729.89,
4039,,4007617.71,1220631.0
4288,,9038145.25,1534196.17
1273,,3144097.57,1764725.0
1955,,8701342.5,1065773.0
3196,,317517.51,
5150,,1492294.74,0.0
5014,,1820322.36,0.0
4270,,2418773.48,400745.26
4006,,1218835.96,148547.19
2693,,3513567.09,0.0
1315,,2043473.79,662973.0
3178,,1771535.48,
2836,,3229475.98,0.0
2575,,3986571.64,0.0
4096,,3119810.75,0.0
4389,,515561.24,0.0
1350,,2127262.15,300092.0
5033,,371970.78,0.0
3488,,114674.53,
2322,,3684844.28,
5287,,7424005.57,0.0
3630,,,
2529,,1564079.0,0.0
5040,,1715018.69,0.0
2774,,47322.51,0.0
2746,,0.0,0.0
5074,,3469119.78,0.0
2704,,27045.7,0.0
2530,,56763.0,0.0
5063,,479513.79,0.0
2934,,75493.88,0.0
5114,,235333.26,30157.16
5502,,764855.53,73994.27
5367,,140176.05,0.0
2967,,32492.34,0.0
2295,,228394.61,
5270,,63576.93,0.0
2980,,13205432.57,0.0
5141,,423056.57,0.0
5109,,56523.64,438444.88
2670,,582428.57,0.0
3539,,22140.45,
2533,,2039409.0,0.0
2821,,400123.12,0.0
2444,,2440605.66,
2703,,94178.25,0.0
2369,,293179.37,
5136,,711455.47,0.0
2835,,192972.73,0.0
5156,,5145844.24,0.0
1397,,2452457.07,197626.0
5007,,18887542.09,0.0
1306,,106261560.28,21423043.0
5500,,,529510.99
1887,,49059867.72,9243656.0
1265,,6970269.48,1319820.0
4010,,7283728.86,1063703.0
5162,,3336432.89,197565.14
1987,,2926897.38,409119.0
4234,,7078538.32,1458759.28
4210,,29974123.15,3848418.1
4443,,4414475.43,587428.76
1815,,9781024.74,680052.0
5542,,,0.0
4179,,9821343.68,1319111.81
2890,,37108.68,0.0
3309,,4872449.38,
1400,,2225170.96,105414.0
4049,,3337545.64,183991.0
5084,,6212010.79,0.0
5031,,7881912.63,0.0
3548,,83091.21,
4247,,29475163.85,4064912.16
5140,,8975198.42,0.0
1853,,4491366.48,410465.0
1854,,6484641.68,912871.0
3253,,119960.41,
5417,,10983886.2,0.0
1301,,1968329.67,7803.0
2634,,9851.58,0.0
2807,,457324.98,0.0
2825,,7358708.49,0.0
2770,,33479.01,0.0
3315,,741694.21,
2429,,3388408.47,
3227,,1730746.78,
2787,,385577.91,0.0
4306,,2418459.51,87335.32
2944,,92199.11,0.0
1621,,1982624.05,104508.0
5144,,3455640.95,0.0
3358,,19645.54,
2817,,23452765.1,0.0
2489,,3864.97,0.0
2795,,311278.35,0.0
2303,,1696436.54,
1477,,5363459.27,374643.0
2792,,165914.83,0.0
2745,,36654.85,0.0
2589,,33043.83,0.0
2405,,307152.86,
5015,,219570.61,0.0
2301,,2662100.82,
2399,,609048.69,
2669,,770747.48,0.0
2901,,66410.19,0.0
2818,,339716.27,0.0
3642,,,
3639,,,
2822,,217839.92,0.0
5615,,,0.0
2432,,293915.21,
2336,,84382.38,
5238,,459333.08,0.0
5168,,19907.44,2452237.03
2340,,71766.81,
3641,,,
5598,,,0.0
5600,,,0.0
5602,,,0.0
3215,,45093695.3,
1801,,4657982.0,466669.0
1336,,2474138.67,304005.0
1309,,4844695.58,1847365.0
1416,,15595158.21,2119922.0
1261,,5735788.21,1096729.0
1863,,6310528.42,631452.15
4204,,31549943.74,2225128.65
4187,,14338940.7,2478462.0
1899,,87911844.27,14575777.0
4024,,57728528.7,6378770.07
4213,,9503317.82,973876.15
5132,,2479741.41,0.0
3306,,2961508.24,
1320,,2820111.53,420140.0
4065,,3039192.36,319205.0
1372,,5147725.26,310644.0
1698,,3563486.84,506120.0
3273,,2617215.44,
2417,,1101982.53,
4216,,4314738.44,514543.17
4209,,4917407.03,743506.6
4200,,5668467.76,1282099.0
3637,,,
3634,,,
2841,,1125662.45,0.0
3294,,562028.74,
5540,,,40110.0
2314,,23568300.14,
1542,,2900653.17,194011.0
4147,,72568.6,359.0
5161,,6696182.13,683583.04
1327,,619592.3,343409.0
1939,,908945.77,182310.0
3329,,74241.71,
3633,,,
3636,,,
4260,,16996776.09,2766438.92
3240,,277442.24,
2358,,2295294.63,
5205,,6610686.89,445645.75
3505,,359340.27,
5282,,17119932.28,378932.3
2538,,1051894.17,0.0
2471,,93637.21,0.0
2448,,352791.75,
2943,,30635.29,0.0
5353,,434109.83,0.0
5089,,855804.91,105977.93
5427,,2213460.6,0.0
2920,,1684808.26,0.0
5069,,2060560.04,0.0
2752,,195772.22,0.0
5276,,2879115.57,0.0
2341,,1114963.35,
5261,,15486.64,0.0
2442,,993470.04,
2959,,449229.15,0.0
2415,,558523.54,
2302,,556922.47,
2477,,1456420.31,0.0
2300,,1175444.71,
2254,,1273616.4,
5426,,2579736.07,237634.4
5351,,42994.78,0.0
2571,,1071291.38,0.0
5428,,978919.78,0.0
2692,,2004861.4,0.0
5337,,28166.64,0.0
2761,,41602.43,0.0
5138,,2870.53,0.0
2436,,1729013.04,
3259,,7402953.83,
3629,,,
3185,,6136470.94,
3274,,9119854.72,
3143,,3630431.12,
1450,,9586323.53,1255425.0
1312,,27368107.85,3453353.0
2251,,1287229.08,
1926,,3383812.1,541078.83
4392,,2814814.41,821332.9
1239,,8225378.98,3887494.0
4167,,40860929.64,3690802.1
1382,,1776446.25,0.0
5027,,6120974.5,0.0
3197,,5819086.32,
5082,,4199626.72,0.0
2971,,4853023.89,0.0
3235,,4000098.94,
2909,,3130495.15,0.0
2539,,431758.39,0.0
5133,,2225192.99,0.0
2540,,3488863.0,0.0
2296,,867787.28,
2457,,72027.57,
2957,,23739.87,0.0
2785,,162011.13,0.0
2535,,1943675.73,0.0
2858,,638203.8,0.0
2859,,1370624.5,0.0
2433,,1084502.65,
1765,,499319.42,0.0
5105,,1345529.18,31630.0
2950,,569418.42,0.0
2803,,53783.51,0.0
2568,,88114.07,0.0
4142,,444517.27,66607.48
5022,,637374.01,0.0
2324,,2496378.6,
2987,,825108.7,0.0
5206,,285288.29,0.0
2479,,117113.02,0.0
5195,,580773.51,3256708.72
5020,,3030510.33,0.0
5389,,6511218.25,0.0
2645,,658092.61,0.0
2650,,106767.3,0.0
3459,,0.0,
2269,,728217.43,
1316,,10798817.35,1583458.0
1432,,2158899.02,662196.0
1288,,7734889.99,1359545.0
1401,,109054038.02,19414568.0
3175,,28844937.02,
1597,,14394156.16,1091759.0
1283,,11679939.6,2769144.0
3216,,519293968.26,
1437,,71737126.44,19929023.0
5383,,10091851.44,0.0
4143,,7781424.57,1141465.59
4347,,5904057.49,659657.01
4267,,44619194.68,5679929.71
4158,,24906594.21,4992692.68
5139,,1815431.3,0.0
1889,,14025375.64,2004623.0
4231,,12466494.51,1030191.55
1578,,2742185.07,144298.0
1358,,727798.23,103931.0
3199,,878190.58,
4228,,11415704.83,1066415.11
4007,,5568579.02,816983.0
2813,,86605.2,0.0
4014,,3362468.45,420748.0
2830,,14127431.37,0.0
3441,,,
5528,,,0.0
5051,,,0.0
3528,,,
5534,,,0.0
3113,,,
5533,,,0.0
5532,,,0.0
2118,,,
3066,,,
2893,,,0.0
1903,,3302658.43,372956.0
3246,,668487.86,
5012,,528668.37,0.0
1677,,6768439.14,237184.0
2527,,721938.56,0.0
3265,,566376.69,
2915,,2744156.76,0.0
5075,,2566096.58,0.0
2548,,155355.0,0.0
2566,,1077283.8,0.0
2834,,601282.59,0.0
2044,,,
5506,,,0.0
3550,,,
5442,,,191326.79
2042,,,
3413,,,
3503,,,
5113,,187070.23,44544.76
2355,,959055.0,
5485,,1186914.3,0.0
5234,,44977.8,0.0
2696,,637475.79,0.0
2962,,18826.83,0.0
3569,,,
3585,,,
5529,,,0.0
5512,,,0.0
3382,,,
5527,,,0.0
4391,,,0.0
5514,,,0.0
3078,,,
2473,,710105.03,0.0
5379,,1479520.55,0.0
2866,,267933.97,0.0
5166,,1801399.51,0.0
5457,,1027118.33,818434.43
2344,,98597.18,
2845,,612234.29,0.0
5029,,1302251.57,0.0
5010,,6664.22,0.0
2583,,14842645.0,0.0
3515,,,
5101,,1527066.5,38681.58
2092,,,
2975,,,0.0
5188,,889917.46,0.0
3435,,,
5511,,,0.0
2895,,,0.0
5516,,,0.0
5257,,,0.0
2252,,993223.0,
2474,,991618.0,0.0
2660,,1418573.71,0.0
5080,,1334447.91,0.0
2941,,12483.41,0.0
2315,,485186.01,
2554,,1785194.67,0.0
2449,,2573214.31,
5003,,177279.62,0.0
2584,,781829.0,0.0
5182,,38491.7,5924762.92
5466,,626441.06,326891.1
5267,,1156852.28,0.0
5264,,954946.5,0.0
2261,,685887.95,
2801,,75774.9,0.0
3495,,10632.22,
5334,,164921.38,700108.22
2842,,178183.15,0.0
5394,,6566.19,647331.46
2378,,1641186.86,
2847,,102627.51,0.0
1402,,45020240.33,6185233.0
1672,,4290223.59,1340672.0
1790,,4570622.52,604887.0
1741,,227086533.09,21234684.0
2419,,1386466.67,
3262,,2760835.92,
4251,,36201886.24,5530482.83
4131,,13712894.66,1690747.48
1957,,44492035.36,5329015.09
1457,,15296905.63,203068.0
1807,,7256252.51,824950.0
4149,,12096256.67,1785651.0
3322,,28922892.77,
3237,,3021165.34,
2592,,62705.97,0.0
4189,,5444967.6,495075.63
3171,,6133267.36,
2585,,2556527.0,0.0
3242,,2470003.23,
3278,,3560273.15,
1864,,5125804.16,572187.0
4134,,6617742.08,816544.57
1967,,7050406.37,851500.0
5001,,131798.94,0.0
5073,,863545.8,0.0
2948,,23933.32,0.0
2595,,54624.25,0.0
2547,,10958294.0,0.0
5151,,1721832.05,0.0
2989,,1514966.12,0.0
2886,,49728.06,0.0
1377,,741930.23,113141.0
2786,,595797.43,0.0
2298,,2054763.81,
2914,,1843083.73,0.0
2641,,4729509.25,0.0
2779,,167186.15,0.0
3221,,769731.49,
5538,,55712.33,0.0
3239,,244047.59,
2719,,919183.24,0.0
2869,,14666.35,0.0
2423,,3510136.9,
5110,,30961.05,347360.0
2282,,338108.89,
2757,,139863.7,0.0
2902,,263462.41,0.0
5057,,5180774.01,0.0
2467,,76176.03,0.0
2839,,8033270.01,0.0
5289,,80415.48,0.0
5169,,4523.54,0.0
2337,,325803.92,
3142,,6218085.26,
5483,,81990.62,0.0
5126,,2675109.99,0.0
2334,,72256.34,
2907,,750000.0,0.0
5025,,2021869.93,0.0
3360,,644300.52,
2310,,261748.94,
2844,,242747.34,0.0
2903,,1575822.38,0.0
1278,,501235.42,113954.0
5360,,108329.96,0.0
2656,,1591350.0,0.0
2635,,13811.89,0.0
4191,,570373.61,0.0
5159,,1284186.13,1042961.46
2828,,237881.87,0.0
5178,,1587486.27,151310.78
5011,,1803712.29,0.0
5042,,908893.49,0.0
1667,,670103.7,128567.0
2260,,245553.7,
2765,,4286325.67,0.0
2870,,465822.05,0.0
5445,,47115506.46,0.0
2928,,69077.56,0.0
2658,,1543488.86,0.0
5052,,543827.73,0.0
5006,,422788.56,0.0
5212,,69612.43,0.0
2654,,3098322.57,0.0
2665,,2371710.41,0.0
4591,,2438739.06,0.0
5229,,635186.07,891580.19
2380,,2953040.3,
2600,,107390.27,0.0
3341,,3194.36,
5009,,5281075.21,0.0
1735,,98996546.81,9834760.0
1503,,1557788.66,37700.0
1632,,7631752.69,1197009.0
4072,,21670637.94,2222598.0
1423,,3266024.79,316082.0
2659,,1511559.54,0.0
4159,,7753470.35,1132024.96
5054,,1385550.7,0.0
5381,,6392155.66,0.0
1936,,11968744.67,209530.0
5135,,5137174.1,0.0
1999,,52813413.07,11629211.82
1891,,5295215.58,224743.0
3544,,964564.73,
5464,,300735.0,0.0
1757,,3499571.24,488767.0
1514,,4438216.91,0.0
1962,,1801838.12,15000.0
4171,,7524647.93,494134.33
1468,,1741049.6,145376.0
1627,,5444137.27,376173.0
4035,,2900592.12,514894.0
1990,,3548610.44,147565.0
4137,,1159221.44,175481.0
1371,,1160382.95,208923.0
1533,,919429.84,0.0
4215,,10843502.79,1851629.75
4054,,1340817.62,182646.0
3219,,12706104.88,
3250,,2541599.6,
5225,,11469545.02,0.0
2492,,763957.53,0.0
2718,,18333090.05,0.0
5196,,2020581.4,0.0
2983,,508394.62,0.0
5116,,3568584.84,205398.41
2809,,80098.66,0.0
2497,,588180.32,0.0
2661,,1773269.52,0.0
3229,,1036861.59,
4456,,6543056.06,0.0
1647,,3177445.62,160630.0
5098,,456164.48,43150.66
5265,,4551107.33,0.0
2553,,1938924.0,0.0
2998,,113274.19,0.0
2978,,181857.97,0.0
5184,,87939.35,878947.61
5471,,3093379.24,0.0
2407,,516631.41,
2883,,35431.74,0.0
5072,,605304.22,0.0
2849,,456501.86,0.0
5046,,7528839.33,0.0
2412,,1867130.11,
2359,,673337.53,
2708,,387864.37,0.0
2986,,492227.39,0.0
2297,,650087.95,
5231,,1651544.62,0.0
2969,,79137.88,0.0
5096,,89797.56,37539.8
2916,,177716.96,0.0
2513,,45685.46,0.0
2651,,53470.8,0.0
2372,,1707296.8,
2567,,168244.61,0.0
2644,,113353.05,0.0
5622,,,0.0
5624,,,0.0
5623,,,0.0
3645,,,
5618,,,0.0
5616,,,0.0
4900,,,0.0
4901,,,0.0
4908,,,0.0
4905,,,0.0
3644,,,
4903,,,0.0
5625,,,0.0
5626,,,0.0
5617,,,0.0
4907,,,0.0
5619,,,0.0
3643,,,
5627,,,0.0
4902,,,0.0
5620,,,0.0
5621,,,0.0
4904,,,0.0
5628,,,0.0
5469,,,0.0
3604,,,
4301,,143111463.51,17234910.28
4097,,10799381.1,1766463.25
4538,,10675758.34,2297149.51
4712,,29021882.57,306026.4
4455,,4322761.87,303876.88
4638,,4590871.66,105735.38
4718,,5803755.28,879044.32
5293,,12044668.31,1547606.18
4628,,1691199.79,25304.39
4608,,3696491.57,131516.13
4801,,3327490.05,0.0
4774,,10983036.33,46051.22
5296,,5578134.33,0.0
4666,,7230916.39,936259.49
4556,,9720458.23,1553394.26
4398,,7538852.63,1320517.73
4651,,24385610.14,2289698.71
4333,,3186612.99,382722.84
4561,,789578.8,0.0
4679,,4453941.78,645334.93
5226,,5101910.05,0.0
5268,,5515371.89,0.0
4876,,4150672.23,0.0
4857,,995470.92,0.0
4348,,28454856.85,2572348.73
3384,,24096375.72,
4540,,73020851.71,13056143.5
4465,,63243575.11,13175244.12
4199,,63953486.55,6692168.5
3540,,57257519.12,
4689,,2303950.83,73531.95
3603,,1216773.76,
4631,,3322451.54,0.0
4598,,22195208.73,1712822.63
4644,,113127194.1,7749195.01
5300,,706854.61,0.0
5493,,515494.79,0.0
4839,,11211538.73,0.0
4623,,4560435.67,128856.5
4855,,13240770.33,263745.5
4442,,79539888.67,8538037.55
4546,,11676238.13,2146354.91
4424,,63368757.29,9871204.29
4361,,19970257.91,5032658.47
4554,,9203289.24,826561.38
4745,,2898254.18,0.0
3504,,3361356.07,
4664,,1644634.91,325625.67
4582,,16682.27,0.0
3614,,10236.38,
4883,,409426.53,0.0
1888,,6758605.82,1046453.3
4658,,13663713.64,1112853.4
4406,,18267267.33,851038.18
4555,,5875813.31,448572.54
4622,,2416849.0,0.0
4453,,3879993.06,375778.13
4742,,10089089.39,0.0
4642,,6571789.27,1159993.21
4739,,874057.91,0.0
5503,,199241.34,0.0
4799,,1216890.4,62760.33
4243,,39406435.11,3481862.27
4435,,19162471.19,7132699.78
4602,,65718939.4,4620909.98
4593,,20252133.56,4435098.03
4725,,16024429.91,1831879.91
4643,,16208955.36,502318.8
4434,,38173226.25,5388299.64
4467,,9444424.15,195090.53
4682,,16625420.56,2725695.56
4752,,14499307.36,564297.87
4549,,1074305.39,89625.7
4693,,3390402.02,0.0
5142,,438042.78,0.0
4416,,48945462.42,6926192.59
4575,,168770902.66,20071948.65
4708,,10816787.11,501389.56
4376,,18001125.04,569600.0
5482,,23449690.72,475309.7
4648,,1900323.25,91219.57
4809,,3283172.84,0.0
4769,,34200967.13,221734.52
4775,,10265968.02,341318.02
4308,,812316670.06,135123682.0
4584,,49266627.56,7422262.24
4572,,67973840.7,7078279.84
4472,,86265281.48,4678978.82
4385,,17803249.55,0.0
4395,,18307405.33,3596784.5
4741,,15866246.01,2967737.67
5458,,508829.64,617147.31
4895,,195276.33,0.0
4761,,4006034.97,394949.48
4838,,6388763.92,0.0
4359,,34019803.08,3078571.45
4543,,13644804.5,2564870.59
5302,,6870054.38,0.0
3498,,1633697.62,
4579,,15898362.56,2025001.71
4445,,8969123.63,952580.2
4729,,20898992.89,0.0
4674,,11279745.37,809061.48
4282,,4786876.55,580615.77
5149,,1386170.88,0.0
4448,,971209.44,0.0
4897,,398964.11,0.0
3618,,54376.7,
4853,,230809.98,0.0
4824,,2590167.62,20778.0
4772,,1734151.75,0.0
4743,,1282686.68,0.0
4659,,21274106.56,2789516.61
4711,,21199177.91,146166.6
4646,,6297791.52,163909.39
4279,,7132460.77,323833.13
4726,,1253511.75,0.0
4202,,316269.06,570570.04
4439,,21550135.79,2102402.37
3497,,524164.12,
4636,,12272634.56,3150191.97
5487,,201333.88,493124.96
5359,,18485.01,0.0
4822,,8442466.1,93251.06
4475,,10941358.63,2506624.27
4182,,39488157.03,6052490.1
4371,,2472947.46,30018.87
4578,,10018111.45,1251288.96
4309,,35730741.61,6153450.0
4627,,6006551.4,600566.52
4702,,31302563.19,1162529.16
4314,,17084624.24,400357.83
4723,,58688757.65,10673789.25
4695,,5020816.9,520291.1
3589,,1193034.07,
4409,,4851345.9,0.0
4436,,551698.83,0.0
5253,,6691.95,0.0
4882,,8541469.36,0.0
4844,,4042817.87,0.0
4814,,14521156.51,0.0
4869,,411044.78,0.0
4568,,30614773.58,3460492.34
4771,,2572022.33,34618.4
4310,,7166137.84,1118109.0
4379,,36459263.64,1593818.56
4276,,13802564.69,1077127.07
4731,,20847155.12,1367759.03
4358,,26257383.54,7890800.02
4342,,4174300.13,302479.83
4604,,7018597.26,914283.0
3581,,312742.69,
5303,,508603.58,0.0
3606,,17716.5,
4835,,10743341.57,0.0
4889,,4508100.98,0.0
4767,,897510.09,66191.83
3635,,0.0,
4793,,612060.42,0.0
4816,,1622866.25,17621.99
4428,,73574179.4,6881451.62
4431,,43100641.32,5214768.85
4612,,14924451.6,0.0
4539,,51551225.64,10029940.74
4589,,14570953.56,845999.81
4462,,19340531.83,495227.36
4470,,13702050.81,480986.47
3428,,-23499530.3,
4457,,2781331.45,26879.84
4460,,5877298.76,840380.09
5488,,696827.93,0.0
4423,,2250088.49,40833.0
4305,,63676913.81,7339028.45
4355,,10176488.56,447348.92
4372,,35039293.69,4519465.6
4192,,548510.68,52234.63
4588,,38796335.23,5711712.78
4345,,7573398.42,265140.44
4315,,84001898.26,7522835.04
4592,,75693084.91,6479762.39
4319,,62692062.94,5106912.05
4426,,13773887.86,704653.25
3586,,960363.88,
4313,,9158293.36,1695975.0
3597,,2635138.07,
4863,,22990303.36,0.0
4773,,204081.9,0.0
4885,,4420336.42,0.0
4258,,34290562.85,3263119.96
4307,,9895668.47,1716229.84
4229,,24723138.43,2102440.94
4686,,1740753.86,374835.47
4681,,1060499.18,0.0
4748,,4228835.57,0.0
3582,,7182572.15,
4600,,30859394.53,2812853.2
3484,,2352015.46,
3551,,554277.01,
4464,,42738761.97,4367458.23
4640,,22394692.68,2886769.74
4719,,13273851.34,556759.28
4330,,13211305.85,1490600.22
4463,,6898511.0,1601612.14
4477,,4677987.1,911047.25
4094,,24774756.74,3418580.6
4678,,3082243.7,610005.09
4370,,18799903.03,0.0
4845,,8813648.91,0.0
4850,,58164304.32,0.0
4580,,40668220.7,2773607.51
4705,,85425493.35,7722480.31
4214,,86849488.0,9497556.35
3600,,33234197.06,
4383,,8842286.59,1866733.71
5299,,392089.1,0.0
4735,,14606351.99,0.0
5244,,18219107.47,0.0
5291,,87622.82,0.0
4891,,388681.53,0.0
4848,,10193504.44,0.0
4862,,3455815.17,0.0
5352,,12172.82,0.0
4825,,39950378.03,0.0
3533,,1292559.68,
4722,,10752610.0,1343280.97
4620,,5109251.27,2007011.46
4084,,17828372.01,3444360.76
4458,,49630266.52,1639577.8
4694,,29755138.76,5548407.5
4433,,701119.22,146376.8
4296,,14370133.29,293370.04
4736,,3786643.42,165439.3
5187,,84466.35,0.0
4802,,195750.0,0.0
4858,,3014378.87,0.0
4381,,33876369.25,4124236.71
3543,,5900544.46,
4203,,5206761.6,42501.12
4656,,11389609.34,4093280.97
4625,,119348253.31,15193437.54
4378,,1941675.62,138255.89
4747,,9061604.68,487166.56
4452,,11037052.59,451859.58
3507,,1001211.19,
5301,,114889.04,0.0
5515,,53048.77,0.0
4800,,5722863.68,140078.7
4129,,68726140.27,1345157.76
4574,,41458205.72,5220859.17
4360,,63533772.65,12070562.36
4594,,16390665.67,1473841.78
4567,,784622781.66,10754041.96
4710,,12189470.9,0.0
4650,,24871344.12,3756931.93
4653,,8762169.86,0.0
4662,,15401156.97,369796.07
1783,,49601279.98,91806.0
4750,,33108361.61,1398548.06
4808,,7193352.34,217886.25
4812,,6263582.92,62343.43
4770,,4466206.14,39295.67
4755,,11506172.01,2673103.09
4599,,24982509.46,2291358.56
4660,,73420589.6,7585922.74
4696,,4969297.09,750732.86
4544,,3248271.66,727715.55
4350,,10259651.28,237929.11
4327,,4294224.8,750369.99
4410,,3246588.24,506131.0
4654,,6010857.2,665331.02
4713,,233155.45,0.0
4887,,185315.92,0.0
3638,,3787500.0,
4837,,17283375.21,307875.0
3608,,5039190.89,
4854,,11030755.88,0.0
4768,,35575546.35,979860.58
4418,,13963137.57,1496076.0
4619,,184078515.95,5251717.22
4583,,14592656.35,1703690.13
4201,,11180461.69,0.0
4732,,8210572.35,921749.69
5297,,6836545.84,0.0
3486,,36990067.83,
5200,,333087.74,0.0
4880,,11273268.68,0.0
4792,,13920121.41,0.0
5522,,1778.4,0.0
4449,,63369177.87,3305696.35
4180,,31650361.82,209310.96
4218,,18753959.84,3824948.83
4553,,10678844.27,1569961.46
4427,,21944073.57,2787994.42
4478,,7771447.2,420026.4
4691,,7384618.63,628036.2
5489,,812034.31,0.0
4733,,2175995.67,0.0
4888,,2638116.62,0.0
4859,,264312.01,0.0
4225,,16081740.66,1364562.82
4479,,8131365.59,659054.56
4397,,30809174.18,449384.97
4581,,38585268.74,1158028.22
4224,,3751531.77,140725.08
5285,,8302631.62,87039.89
4737,,1007524.08,119439.31
4881,,2338783.79,0.0
4692,,514383.96,8410.33
4408,,76302869.91,8131348.97
4468,,95814137.74,10017572.0
4303,,11344911.72,2188022.55
4621,,7170595.33,697459.53
4603,,5651776.73,921730.66
4700,,9929960.84,0.0
4647,,6918235.82,365715.13
4414,,10040183.16,1216188.42
5491,,190650.96,0.0
5325,,24139420.75,0.0
5393,,3697414.51,0.0
4870,,736680.11,0.0
4786,,15700715.23,334957.98
4846,,1550446.12,0.0
4411,,39766462.73,4858855.49
4550,,15800392.4,877287.93
4432,,29948347.08,5238361.27
4299,,133911262.84,12222797.42
4349,,14968939.51,1992228.02
4430,,495888.42,0.0
4585,,35332470.04,856096.04
4194,,4363162.7,0.0
5298,,3332983.74,0.0
5148,,347893.55,0.0
5152,,1063262.16,0.0
4760,,11740665.9,2292826.36
4746,,543053.87,0.0
4390,,25415597.64,3610529.06
4639,,6683006.85,1065894.07
4461,,66784383.92,5626161.38
4565,,2488987.34,495025.85
4641,,8768267.55,1243072.74
5252,,1361223.86,0.0
4367,,5146389.49,302464.66
4740,,12491561.28,152479.79
4425,,5460572.79,206208.0
4670,,205733.56,0.0
3640,,3750000.0,
4868,,3779969.31,0.0
4896,,703676.4,0.0
4805,,79526726.65,1202748.5
4624,,13988599.49,2038013.4
4403,,4029663.87,602356.25
4721,,40781546.47,2508938.63
4162,,28843486.64,2376450.44
4253,,11330279.15,424136.68
4669,,1273951.56,0.0
3442,,2962667.09,
4613,,2527459.01,502174.04
5260,,8137774.81,0.0
4744,,3851734.64,506842.84
4714,,476684.72,0.0
4849,,888872.15,0.0
4354,,8163787.83,8512.9
4343,,8866606.39,1649328.35
4474,,22901968.61,973876.5
4152,,41565806.56,1979409.38
3392,,4365509.79,
4717,,6541703.41,1009435.46
4346,,33224174.85,3600906.57
4329,,6763182.28,51048.32
4762,,6664045.72,282769.0
4785,,4946163.09,201902.86
4616,,28397526.68,3564082.73
4249,,25040281.77,2558494.27
4789,,1996246.3,0.0
4459,,18126365.53,3486078.36
4566,,3368018.0,545665.99
3561,,2157862.51,
3599,,194207.73,
4374,,7849939.36,367069.75
4667,,1635118.02,74201.67
4813,,2217751.11,0.0
4852,,4566885.74,465979.83
5520,,27449.44,0.0
4811,,3041071.53,41508.0
4841,,3344685.78,0.0
1550,8514432.84,14444569.46,1565093.0
4317,12527583.31,77319838.79,17801245.73
4402,8902520.27,37653211.88,10092381.85
4030,103504091.89,148024629.35,32923328.7
1981,95754618.67,224355761.7,71549737.0
4507,151267601.7,635358764.28,28848282.18
4547,30598662.86,33309814.18,8065097.5
4484,57084521.73,2207352740.3,5007441.68
1817,9506708.04,52767460.88,10634383.44
1769,2619379.95,3985862.62,812801.0
1447,3682703.79,5149451.95,1027046.0
1773,5367078.69,28697245.28,5317199.0
1474,10877948.83,4833478.25,842726.0
1711,18925702.89,31811618.94,1038831.0
1530,9640959.42,7337467.8,1233644.0
1764,549480.66,4330036.43,295657.0
4483,32254679.38,438289876.78,17341399.57
4715,71264777.21,60714053.04,998771.46
1640,627043.17,8107171.18,400486.0
1494,1459279.09,2216218.88,287623.0
1842,6501748.46,3945262.25,881798.0
4803,3850925.98,19245127.93,3259280.82
4783,7483136.9,19372607.44,0.0
4831,19138303.34,79700153.55,0.0
4781,313776393.85,228661117.6,1577828.49
1471,4108811.57,4993708.33,279127.0
4486,181500775.42,4142365993.88,75180962.99
4481,20064696.61,2431309038.1,28839521.5
4473,76827201.61,1069566017.58,45199410.24
4517,29398405.35,206717180.85,5483255.25
4626,10843005.5,30052436.23,5427089.62
1633,1067253.81,10198573.49,751110.0
1518,6190448.7,14795285.63,1500076.0
4382,8109589.03,333540230.56,25671358.84
1726,432005.4,7797703.29,1248152.0
4784,3720998.89,23106240.18,1103434.46
1733,6402583.39,55917310.24,15310499.0
1649,20691866.81,83099595.01,5503215.0
4023,9496114.46,43805958.98,7392909.62
1671,5388213.23,29307531.18,4299208.0
1467,25872687.19,18090813.62,2421439.0
1665,9121209.04,112329438.73,7291700.0
4235,25097245.58,34937981.95,8971143.59
4494,118577940.53,1497426233.46,11676094.74
1841,15106854.42,32588079.77,6212268.35
4548,1089134.7,26543387.22,2337011.18
4522,6285163.51,454689785.98,3736269.61
1994,4904077.68,75239301.83,7260627.0
4634,2134406.55,45189660.22,5461785.33
4542,5569334.41,20485065.03,3112196.99
4704,2635373.99,13788214.24,484798.7
4815,7897134.35,39644199.31,0.0
4840,190107.41,82628.99,0.0
4080,141493695.57,299091068.29,55260437.44
4294,631364.39,14573962.86,1934113.21
1976,9203306.37,29874525.72,5682652.95
4273,42352923.65,456284861.61,38473502.54
4520,57619383.25,824809114.53,18384817.41
4699,49178908.97,236386074.35,9247399.7
1894,37132716.72,25963715.03,2197433.0
1506,25921601.38,12192558.84,1791043.0
1809,6869983.55,8529243.13,139569.0
1556,23662227.18,25804256.17,2541082.0
1692,12307474.22,85457156.97,1680577.0
4738,5040799.4,58944738.76,1092541.98
4668,718086.55,815764.95,0.0
4727,3288317.84,9393758.66,1168645.74
3560,1195363.31,81325662.97,
4884,11849681.69,6480185.46,0.0
4828,861241616.62,722777736.71,26285407.58
4894,251261.02,7500.0,0.0
4085,1012576801.02,14773747583.81,1385587779.1
4012,3145110.51,21739243.52,6470493.0
1517,829908.94,13351657.77,1054873.0
1546,21289503.58,18285916.76,1839971.0
1719,8012383.98,10250604.99,3247237.0
4617,5051308.74,36427396.59,7391047.52
1612,885607.65,2507109.03,233931.0
4493,11336909.66,141709278.12,3172313.77
4672,6807601.19,92953983.4,1631308.48
1820,1251943.17,729454.15,300107.0
4607,196961378.26,37350944.03,5414430.69
4787,3586953.2,15083253.29,0.0
4842,776962.4,1648501.38,0.0
4502,6604151.88,1066652299.14,10628580.73
4511,123627.88,126934582.16,217242.66
1606,618379758.99,369044717.3,90546358.0
4673,1150178292.67,2800494703.01,188358514.34
4297,2962689.95,23859706.67,3706312.65
4241,89803712.87,125933749.14,41782749.76
4501,131747869.39,1060384844.94,16135478.52
1699,9846774.22,88439351.38,11181858.0
1475,6621705.06,8904595.58,781278.0
1476,13386838.38,6936604.6,1493653.0
1720,18462462.78,10749431.03,4523515.0
1544,9262094.78,20783468.17,1593757.0
4195,155631144.18,15216615.38,24485683.41
4877,56628840.93,90782597.01,0.0
1912,20784629.22,22537694.93,7554240.74
1603,5247169458.98,13613307337.93,1684549530.67
1973,5526673.58,20288231.29,4331361.0
4338,13643351.67,115765758.36,15410809.96
4081,18066465.05,37399646.71,6780294.0
1740,7674152.07,4976848.47,1300611.0
1495,1756.2,8683492.28,443191.0
1838,13905805.19,21409371.72,4283824.0
1595,21564056.01,197902127.28,11497847.0
1554,4243819.01,11948606.45,892147.0
1708,2428002.26,7642999.09,456511.0
4071,2784278.58,11718720.76,1736368.0
1738,1928655.92,1112379.14,100726.0
4280,8693303.61,60151552.46,11108302.72
1984,4799393.02,52125303.31,7676674.0
1989,3441115.24,7221515.88,1653744.81
4217,4083323.11,11037837.55,2548681.35
1644,1013205.06,3764478.02,85895.0
1745,4069837.78,15633642.31,2847013.0
4366,13188507.8,128853274.66,17530245.04
1513,749315.3,1913550.92,161341.0
1750,1345162.7,3505637.41,932979.0
4168,2091456.75,28624712.03,4277895.96
4759,3605489.02,6250668.9,543742.47
4864,36989621.15,15860514.66,0.0
1545,411815685.98,685254867.41,102446410.0
1464,22160601.08,38797058.53,4630711.0
1553,13371728.21,32660678.88,924963.0
4514,102635519.9,384894406.97,23149498.87
4490,69661084.71,915687737.78,21805146.24
4008,2868196.73,2569085.9,1262124.23
4526,9820874.54,283619773.34,3893254.53
4720,26216352.56,244265838.66,42391463.66
1847,5417824.37,27072334.75,7114907.0
1463,8779157.72,19562866.28,1697118.0
1656,9412548.07,7435852.31,2797299.0
1746,1466605.44,4765349.85,2271823.0
4537,53542.35,19770412.83,659587.0
4061,2522604.92,3974478.97,569670.0
1906,4273071.42,5648118.08,1874578.0
4677,3383846.2,22280364.86,3274767.62
1461,789831.28,1910455.43,203999.0
1445,509173.67,8721045.16,1695298.0
4867,5828601.27,7326818.75,0.0
4766,13000478.57,4855781.74,0.0
4836,3729035.59,885875.97,0.0
4021,176786317.62,122651525.59,34929457.75
4482,249447753.65,14751918686.66,77111055.05
4509,10917236.02,206961311.9,11022339.67
4728,326750876.63,24706004.41,737529.16
4683,61173467.31,403653940.09,28645271.3
4017,33464676.55,55113218.14,9668782.0
4101,3399662.3,4461112.39,812102.0
1441,1880461.2,3202892.95,599700.0
4336,12950283.16,9232560.71,4321113.98
1482,20592021.41,35430275.15,2920980.0
4806,63349714.7,163889997.43,3147288.53
4794,9748189.06,19008483.6,97814.08
4843,22901350.92,68032655.95,449980.58
1557,86766316.64,85266594.98,9768599.0
1693,1996983.07,25954650.36,2554032.0
1492,33051507.87,40676530.89,5339719.0
4420,27279186.25,529752851.58,38905824.97
1971,77097372.06,201042382.97,63346282.14
1454,9369739.03,36424884.27,2388516.0
1925,10602928.54,5930565.92,2821027.04
1687,1669966.27,10437817.83,1560380.0
1455,5431111.2,9335774.41,813465.0
4534,10616929.18,211485435.58,1466076.04
4000,1754570.75,2663059.78,68035.0
4531,37357961.48,564947445.92,15288527.33
4637,1308764.73,19055469.18,789440.6
4652,7656347.59,303675088.18,28173636.63
4834,885920398.1,1451889591.22,42597742.05
4335,40826320.17,66622069.6,28777076.92
4521,16740406.16,295436193.24,5553102.99
4438,15558122.79,69217834.39,9820374.67
1628,7031442.71,154939297.05,5236367.56
1541,13836392.68,6334210.46,1559063.0
4193,11373532.86,26303833.21,3636564.0
4117,15130900.23,55032768.45,9193060.93
4635,7529754.72,61629203.2,10651368.79
1908,1549737.37,7358685.38,931412.0
4268,8141242.5,10328758.13,1414423.33
4469,4850094.6,19776744.31,4029999.74
4873,24307921.31,31502527.6,0.0
4890,3057837.48,548625.39,0.0
4285,98842212.59,320795238.96,59263739.49
4337,1020966938.16,2425190475.83,424305032.06
4222,18563163.18,64240911.93,11286532.37
4558,23331578.62,488777470.47,58166285.06
4570,46857016.39,123372443.37,7482214.18
4277,776048445.18,771901840.17,141652079.48
4250,13173843.43,32747311.6,10675595.8
4091,2592961.32,30749448.69,4312949.96
4318,3961671.43,27384732.41,3832583.02
1664,9498514.38,20136568.72,1660378.0
1498,33842082.4,108149061.65,7280835.0
1729,4468107.41,16677630.18,2708300.0
4404,42071347.08,282405043.18,21919326.32
4754,6781306.32,36851063.65,1065463.34
4751,4629951.1,15616879.03,0.0
4830,395325375.3,1430468289.05,3541294.8
1975,24279487.62,49985260.71,8857972.23
4028,5559369.2,30463593.38,5152535.93
1539,208970753.97,619521235.51,87636278.54
1605,128278244.61,118841849.02,59190787.04
1695,3509042.32,23206738.62,3622962.0
4611,1241474040.36,3517557741.63,126436297.61
1859,22780503.01,94144289.11,9822639.74
4577,13555380.43,134672261.25,10630094.58
4286,39700862.51,242658972.63,35984572.31
4605,2550083.38,6504068.8,840771.64
4441,9053665.36,55046024.71,7424230.78
4563,96549405.07,290952486.8,19084780.42
4523,23608691.58,114762952.52,2494691.49
4519,2242253.35,9615724.74,2439099.86
4709,38943360.51,52069742.23,3040377.9
4697,13599107.37,75462069.4,4473912.13
1589,8072710.16,52010898.76,1930842.0
1564,2883537.86,14073648.07,825556.0
1453,2609145.45,31856038.61,2108337.0
4339,1336693929.1,35587839789.1,627318453.64
4491,55104282.9,2399736648.76,53609930.24
4576,21230957.65,124271927.55,11846574.64
4508,7148172.7,82782811.71,1270357.57
4663,110565668.96,465938613.07,72809493.34
4528,53689142.35,310094533.16,20075407.15
1974,8585761.3,50409497.12,8713370.0
1995,1805969.74,14877759.59,1041788.0
1614,3640862.23,7207478.21,556944.0
1505,8134432.06,47773159.64,2218157.0
1744,4360723.47,4912916.3,1692900.0
1569,4210930.22,4045561.21,614553.0
4655,3680647.89,41683674.75,7976811.8
1636,1230390.88,2286579.47,568677.0
4832,37793993.46,355379803.95,0.0
4817,91474979.76,69777814.07,7813.6
4878,9499438.38,18799529.04,0.0
1650,31528398.09,218051022.04,10584690.0
1491,57048028.63,204913750.38,16387580.0
1519,19193921.3,10648040.68,2164906.0
1686,1354036.12,50808150.05,8877853.0
1909,169303511.72,245881944.82,64806420.55
4505,11966533.5,818839542.94,17835163.62
4413,28176282.28,186655637.7,14028545.82
4601,1962203.12,19754997.54,1922958.53
1980,37062310.48,160170851.47,92526566.0
4665,51854048.53,25284698.38,16633960.25
1979,11386784.01,18433516.77,4213705.0
1840,7382877.18,5187726.21,2530307.0
4685,5557341.55,36328111.89,3899207.63
4532,1552805.91,474497316.13,9205857.41
1642,18613563.29,18874930.28,1881915.0
4497,74129003.94,163080298.09,6504135.39
1631,1587654.75,5542439.5,970594.0
4875,4102510.87,5713431.98,0.0
4788,8248021.68,55878396.05,0.0
4820,15652328.77,21277588.3,0.0
4557,11423336.69,196759209.43,45679144.4
1792,63878324.09,220637580.3,37080349.27
1935,374827388.04,5010717.42,46935363.7
1604,1293717474.49,3218622939.83,334719377.82
4614,255474480.36,349943738.93,32404846.36
4399,149572302.29,2252914678.3,136174375.29
1996,6708117.08,42263772.07,7332356.37
1587,3869721.15,18759804.26,1651431.0
1771,10024142.17,53407870.95,6066205.0
1507,1238534.8,11703087.98,774857.0
4362,774416.84,40633608.74,5457632.77
4823,726953.54,738444.93,0.0
4363,3883630.08,10631885.98,1587635.82
4020,102809877.74,564367352.11,64309784.84
4340,44112249.83,21984671287.0,197061537.59
1983,13543057.75,7465375.43,1443981.0
4512,75246340.4,1018696402.87,35141306.38
1830,2440267.06,29675993.97,3063408.0
1465,2305722.55,4366087.01,793525.0
1490,45380866.63,70854431.54,4706946.0
1634,1597672.53,12467781.38,716476.0
1443,2028548.78,20182808.77,1685619.0
4042,16621823.6,43550470.92,6056785.3
4396,1011549.7,6281806.71,298662.27
4899,836748.51,448768.93,0.0
4797,16916975.81,30273926.31,907943.77
4756,3372753.83,4817396.83,212999.0
1858,58951222.09,79094216.7,27764486.0
4515,77402974.66,187682387.52,15412443.94
4485,279418622.4,13916461676.14,211956238.01
4440,2154577.84,60029281.16,9613297.06
4394,24523834.2,99291939.0,15860395.74
1624,1657653.02,34095882.43,1681560.0
1580,10017388.91,97938844.86,5694936.0
1705,2518434.46,12175172.49,2957925.0
3363,908559.23,4019821.87,
4174,3041132.24,9410016.22,1797562.06
1970,1647254.75,4871305.3,883701.35
1834,1864525.69,4704401.46,1280884.0
1814,3674159.05,985503.02,0.0
1493,953918.36,4964970.09,71658.0
4807,10007541.36,31543751.3,771956.83
4779,1191262.87,6471108.95,165960.17
1798,29999815.09,24304226.68,4813241.0
4365,1593486.18,13711899.62,2659598.41
4019,37238654.89,87544413.27,14541597.19
4227,1293347.34,2498189.73,634097.65
1895,58954565.86,25084370.59,10908419.35
1694,18821508.61,18376605.51,4954462.0
1755,1261470.96,2984256.53,211419.0
1794,7176481.13,24732240.18,2894813.0
1563,1785198.18,4272883.41,406711.0
1668,6102556.19,10048518.85,0.0
1459,18270709.28,5991973.09,815503.0
1479,20213296.06,17889243.31,1577925.0
4177,35062955.9,126818781.42,36314335.47
1833,4420415.46,21240762.9,5450849.0
4535,4072572.58,79767691.27,1363263.64
1800,64635964.92,27884821.59,10859257.12
4615,224574470.26,486760303.76,62693083.35
1969,8587054.39,19065881.0,4033352.91
1761,2458564.0,10732656.8,1775988.0
4269,62683456.32,41631381.31,5048239.59
4026,1262644.95,17861260.9,1798709.0
4263,94361628.91,104966776.31,15479083.86
4569,5611101.61,201822099.47,44544349.86
1593,4457183.03,20455676.21,992916.0
1918,5733945.27,5659644.93,963402.0
1810,3839488.88,55930929.34,8166071.75
1440,470371.72,18277293.72,2252775.0
4122,3490150.63,33351764.74,4080910.0
4503,74392468.01,20971182.5,17289697.31
1756,1469127.78,2229174.06,10909.0
4419,1297359.78,3480384.35,594901.4
4879,40994134.03,94901638.23,0.0
4826,1987566.09,7176488.97,129464.0
1658,4604303.23,7092979.92,843339.0
4025,41528546.57,25638857.47,9303493.0
1829,7862984.44,114432778.94,15009211.0
4068,27791929.44,48651262.66,13695681.4
1972,10653250.32,23729627.61,2809443.0
4254,1212227.55,11363427.87,1987927.04
4175,5847689.28,87324475.11,2638843.0
4795,8519352.4,42161198.1,1939236.93
4833,987262.51,796203.12,0.0
1607,523284650.26,674783408.94,131129136.85
1501,58083771.07,7133712.69,2274847.0
1485,2965355.19,28586080.4,2110767.0
1930,26438629.85,52178015.97,15487774.0
4529,16784771.48,579459590.67,10641482.23
4421,15339113.18,168615324.17,36946691.52
4516,6464075.25,324347047.68,8353416.93
4829,333298598.01,311977519.42,1096939.13
1931,10259307.7,19746564.26,2695875.0
4145,61848927.77,371254249.84,57121301.29
4498,23871041.59,1830917271.08,11348704.12
4291,10195614.19,16772599.44,3324179.47
4290,2598417.07,7109979.59,877789.96
4562,39027707.79,572619372.58,82914356.82
1702,6932866.4,6226611.95,2021318.0
1670,2979765.22,30215066.75,0.0
1659,1734450.72,32673168.62,37359.0
1458,2242480.28,13709082.34,750602.0
4029,14263187.0,46820167.2,11865026.97
1749,13924227.09,26045574.54,7387525.0
1473,9679012.66,1509996.41,895330.0
4357,20543787.44,10936199.42,886778.46
4240,12733883.73,221976651.88,59256274.44
1442,3306085.11,12603404.04,2304130.0
4476,2930471.37,84286138.2,1910647.69
4860,72647451.59,69711566.02,740185.0
4804,3705725.7,26133681.26,0.0
4776,10930788.8,31241346.49,1696122.64
4810,14381739.93,57867227.92,204406.37
4489,134489301.63,2177548850.78,25061485.86
4488,115181643.11,2993135968.46,104786366.05
4013,4310797.51,62808331.04,14976650.61
1857,4626437.19,41582963.17,1007258.0
1831,3220613.51,30341897.73,6984586.55
4618,128700922.12,105981061.37,35650550.07
4629,8908167.94,13239119.03,2646612.0
1573,12352135.45,18239754.03,2364984.0
1486,1792438.3,23721241.42,1453627.0
1991,15324105.42,13938556.78,1529021.39
4331,2770197.73,11322366.88,1671017.56
4510,3548305.86,311240877.86,5206061.95
4536,7210690.02,34902489.74,2049762.2
4609,8138893.57,46809709.83,7132437.19
4518,33733377.59,231415911.33,3397744.32
4513,562816.99,139239051.57,5001076.13
4541,1867604.07,90995727.25,8225688.2
4821,10834755.48,37792359.65,82826.0
4886,9212987.29,8719226.61,0.0
4856,174355004.02,36554241.91,0.0
4022,23207247.52,216779434.4,25002992.05
4344,17990768.82,488616481.86,174644838.77
4353,5087697.22,282245435.61,39166601.49
4283,21105530.96,399938623.47,39380766.14
4031,55138473.82,320422176.95,26418205.34
4499,10544220.92,1836028982.58,12400105.73
4245,18608796.05,42026629.46,7628801.58
1558,19308118.5,16023728.24,2245014.0
4504,29903984.11,523998656.28,7470084.43
1500,21655767.21,15753907.55,2546890.0
4400,12581999.88,139377298.87,45327867.57
1522,19563069.34,9399463.79,2008314.0
1623,2170143.29,9864252.61,1519690.0
1484,74778371.61,10875976.79,4328378.0
4698,9847642.65,100213198.87,108750.0
4701,3704826.8,46441445.1,0.0
4675,38434.87,2013608.96,0.0
4796,69542602.34,102334603.82,3473059.98
4818,1251037.88,14231000.38,0.0
4778,1002445.94,7839218.7,946426.15
4223,57468972.87,156308394.65,26286917.39
4496,70490903.42,3406868385.95,67302173.34
4480,257591257.46,17732476939.89,195649009.57
1561,398620293.65,520033714.9,84000410.17
1751,11670465.18,39745530.51,7267526.0
4586,202942853.81,110081331.58,37714508.69
1709,25681950.62,64991768.07,8707734.0
4671,649140075.65,1783908588.3,30714718.05
4284,6611177.87,93107430.1,14964791.25
1916,1320029.19,7246904.42,1308289.37
1843,5852701.19,19558149.68,3479110.0
1904,5283702.22,9398848.44,683397.0
4610,4948930.85,306487220.1,25155685.81
1635,2611696.48,16319372.8,3075208.0
4086,421687505.7,2457372609.39,286679751.68
1917,2733258.17,6414974.86,2081508.77
1609,342239388.43,1487640335.42,146249079.21
1523,21878709.14,17498353.8,1007424.0
4116,169205736.75,32577023.15,25071728.27
4332,1656932722.84,2966995442.34,527626500.21
4057,10409047.22,14924163.49,3068640.41
1785,19216129.55,98506316.9,15748405.0
1855,17693443.86,5883928.99,4072594.0
4590,8208404.49,37060899.32,6112058.39
4573,30416884.58,61108763.0,2259106.52
4564,37688066.27,211152823.77,31899651.26
4429,1682322.34,28253866.89,4300325.96
4001,1428515.82,10545798.69,561231.0
4058,1727998.34,4896874.71,533707.11
4533,1832255.62,493117260.53,854668.75
1643,8999191.49,14406821.44,1662883.0
4525,16031945.25,442766860.38,21897519.19
4527,10015873.13,39630885.2,3064508.56
1679,3655288.86,10278159.2,2327370.0
1499,2735259.91,9125551.24,507031.0
4798,935171231.36,251014212.18,476569.12
4764,5328308.23,48817302.64,1256685.55
4898,267718.53,3863272.13,0.0
4758,27820961.07,,151570.95
4377,30651039.6,,3092758.13
4326,5217208.76,,463702.36
4078,7115053.78,,601235.07
1732,4922508.64,,802654.0
4819,211185368.66,,20328.0
4892,207285296.26,,0.0
1588,2514186.68,,125025.0
4757,439588177.69,,6483236.6
4466,69599384.85,,4342787.18
1552,416500859.48,41301481.72,7475103.0
4734,85089671.3,426181317.69,43533517.48
1998,4820193.95,46273268.6,10962304.0
4492,75474203.23,628182123.01,7036007.21
4226,1157319.71,11190670.99,2004634.04
4706,3047242.46,18353914.38,1962062.6
4293,3433359.29,3678756.29,223190.28
4861,41233926.85,30974570.02,0.0
4827,564559963.78,1617772644.97,93450776.86
4872,2877081.6,9118866.11,0.0
4893,45748267.31,5042157.76,0.0
4393,133951635.57,789949657.42,113631672.41
1780,34868169.3,66192238.19,14538117.54
4506,174567579.12,1737636254.0,52498468.67
4272,40647560.21,60255516.56,7959685.03
4451,7477718.54,77055352.37,28911129.82
1795,36905735.96,25003384.15,3249259.0
4239,5516103.42,9686344.03,1790609.67
4530,48486066.85,135209479.22,8698482.35
1731,14938068.56,139746763.82,39873509.62
1770,1560229.95,36258650.19,2865034.0
4495,145840.82,41495038.5,327366.31
4684,9481575.14,16396913.21,108000.0
4089,421340.81,8734303.07,1213946.54
4606,14032804.41,11819404.91,918392.52
4707,2065723.13,701290.11,0.0
1487,8231038.84,,697502.0
1566,7240598.76,,213494.0
4300,3006480.74,,47212.4
4632,2123079.89,,19449.12
4906,1024179.2,,0.0
1555,3439214.02,,154339.0
4753,3359408.37,,375747.72
4847,18546978.17,,0.0
1570,2275380.47,,165776.0
1538,9961967.69,,741434.0
1832,2961606.39,,208629.0
1724,5101498.73,,243792.0
1444,579893.02,,140456.0
1617,459715.15,,46967.0
4040,1335491.28,,86362.0
4790,36677751.58,,839809.69
4454,12935602.31,,586757.24
4871,108617339.49,,0.0
4237,439284.08,,474007.95
1762,419744.26,,182642.0
1497,1009837.0,,0.0
1460,14538920.62,,423565.0
1526,6568870.2,10868369.16,1322215.0
1582,2507569.84,5665226.65,462000.0
1758,2474245.11,2676958.28,587931.0
4596,2526330.21,12361109.23,142037.82
4295,3338999.67,10864850.29,1818454.58
1791,531895066.34,2226431971.24,383916059.77
1551,164517307.53,694779708.94,80168489.91
1565,1612140.93,11575109.97,700048.0
1766,56449366.63,100905332.7,18074955.0
1897,16839844.02,31525292.67,8070040.93
4559,242713285.46,3162159868.57,135547805.24
4487,108971902.28,2026960297.6,10153493.26
4407,91005713.68,1992339846.08,180599449.35
4524,43624996.27,639774194.02,8624629.49
4059,2455408.1,6904030.53,915156.0
1466,50014084.62,12587894.04,3112794.0
1653,542186.19,2262523.33,52500.0
4447,5078955.35,10839644.55,3546845.84
4087,15411911.44,59129648.79,9402903.16
4730,3489813.15,17323178.11,369213.11
1462,2518800.62,6146361.95,928244.0
4874,52324288.32,28602313.93,0.0
4364,723486.85,,26462.05
4649,1570718.45,,0.0
4571,346304.76,,0.0
1760,1642832.66,,196919.0
4782,3946411.84,,300572.19
4780,7670256.32,,284799.75
4052,942962.56,,146221.0
1685,862378.0,,0.0
1722,1658875.8,,159288.0
1478,1980992.81,,32689.0
1730,4461751.16,,454660.0
4749,63881804.58,,151140.15
1690,916208.97,,0.0
4851,3607900.17,,0.0
4763,76979.77,,0.0
1512,2728345.06,,8570.0
4060,1042290.55,,0.0
1637,215839.32,,127894.0
1697,4865458.46,,1638715.0
1470,740552.45,,0.0
4560,1326459.25,,42000.0
1511,8112928.87,13797356.33,262977.0
1712,10969558.71,24196877.31,991359.0
1700,2613838.46,4843030.23,660034.0
1520,5034664.25,4154202.26,451971.0
1768,56679489.87,48563081.65,18525751.0
1718,5648799.17,15871568.64,1581929.0
1446,125463060.64,56986504.09,31049019.0
4595,10038254.14,92099103.65,9641547.81
1893,4373420.87,5802632.98,1057567.0
4724,84130876.16,740717373.04,4488049.96
4791,3515180.4,11865529.84,0.0
1786,216888044.03,710892253.34,189145133.69
1763,138694619.65,1155494246.42,274772523.0
1734,21160441.15,61335357.03,9535992.0
1835,2075746.91,18067054.08,1369212.95
4248,2903899.73,5699153.76,731668.23
4630,16068225.57,166311911.75,11958027.08
1549,190193142.59,222148642.93,37574846.0
4266,21144461.52,33427540.56,4808395.86
4500,35675864.52,996774647.61,5899807.29
1548,4252022.77,9018988.63,262694.0
1472,7297676.37,5305933.78,1075159.0
1933,61762768.74,11708670.41,11179104.0
1577,21484255.07,197423205.14,16609685.0
1717,19808888.8,31229991.27,4153948.0
1610,1102655.35,12314320.29,958210.0
4176,22394257.37,34914043.03,8309380.18
4680,7016325.08,112062779.5,13167049.89
4341,9674.92,10613.94,130500.0
4587,3433087.72,4082215.6,955955.69
1469,1644357.98,,92411.0
4657,5500448.67,,1013834.99
1651,8830355.16,,1685290.0
4157,2858538.97,,247424.87
1521,5900558.36,,0.0
4777,3747420.82,,887081.38
1525,1558980.89,,7249.0
1527,41314005.89,,1153207.0
4765,6386274.89,,67499.7
1680,943028.88,,238501.0
1747,4800659.42,,493658.0
1599,474304.46,,17773.0
4676,27888571.94,,266100.87
1662,12105107.36,,939730.0
1846,2055904.84,,198355.0
1536,1465037.44,,155450.0
4866,7977100.2,,0.0
4865,3546171.83,,0.0
1439,57974742.1,,7154189.0
4633,935304.83,,165225.13
1502,1220484.27,,54661.0
1942,5391278.01,,230611.0
1524,1396915.31,,16044.0
1753,1598081.52,,116373.0
5495,,,0.0
5496,,,0.0
5501,,,0.0
